cluster,taille_bilan,totaldepot,capitaux_propres,total_credit,credit_conso_par,credit_habitat,credit_snf,credit_bail_snf,actif_titre,actif_interbancaire,passif_interbancaire
4,0.873726183061692,0.000320200878405183,0.0369406940267505,0.538157346591712,0,0,0.783034224965843,0,0.295248432101739,0.0930853598722991,0.950656401276921
3,0.540951187410992,0.676637935829909,0.237694333315772,0.304172826672048,0.00109955865320451,0,0.00906759809609929,0.724008228170392,0.0526978321626712,9.55846273342744e-05,0.00193982527679497
2,0.443305902054882,0.67869436662118,0.273891537183866,0.837479149652403,0.671196381187335,0,0.045287706074233,0.09779108863581,0.0228468792455375,0.0081111055105808,0.00609204913673524
4,0.674852220182871,0.64682219959288,0.027208275004203,0.753929474725423,0.0312006481138804,0.4918985773732,0.418642148231428,0,0.0381103462741895,0.0916308247626848,0.291578754574475
4,0.61578713271142,0,0.161482876101243,0.317115431696082,0,0,0.032669843693958,0,0.00647955145898105,0.523675270586227,0.779270745535898
4,0.735175506245265,0.686416957286311,0.0298420776465592,0.703867302910683,0.0285891305784517,0.469427749391251,0.436818170589072,0,0.0393891763355073,0.146670832270619,0.26508256583098
4,0.768026836108081,0.538830449293737,0.049941109740953,0.213028817980781,0.06662578447493,0.335277449354542,0.481975021039942,0,0.573031123767102,0.146101248633024,0.0929416215597684
1,0.225895384909952,0,0.234479898512937,0.488879319886214,0,0,0,0,0.159031169907804,0.270278599520761,0.601108876147874
4,0.563562897522679,0.373568937122011,0.102222450780522,0.458767479295194,0,0,0.366499610799789,0,0.0058841551997117,0.472573500561204,0.523975637938307
2,0.317824651844415,0.178600469953841,0.655299414805767,0.729826482774046,0.940372666160886,0,0,0,0.00948075236958208,0.11949507930269,0.157780723741831
1,0.223761830882707,0.54407485390873,0.432417210096341,0.621613949364819,0,0,0,0,0.00487939586694911,0.216339494713776,0
4,0.546500928945826,0.907141110982279,0.037051599186154,0.700184885373578,0.0695148447835509,0.390251811775517,0.45272946341365,0,0.0363818073384612,0.149872932240775,0.0420388216253575
4,0.483783528104167,0.787729677796648,0.122483908821184,0.519095014346043,0.0310019419996168,0.711537974024974,0.197182121500066,0,0.0733642478301912,0.327664628063625,0.0841846677641487
4,0.70670542785145,0.749753477226278,0.0906521809267989,0.52843843145354,0.0376895994176877,0.419619475962437,0.419957435344383,0.0479680676198143,0.192606581130733,0.164493840289504,0.110231660239451
4,0.512513983216441,0,0.0719314366199697,0.688894579447854,0,0,0.703158835773621,0,0.0374553145358565,0.179290868381858,0.924881318507914
4,0.563250112922942,0.550860591203227,0.0208875300466279,0.718132473756702,0.0400140292780286,0.590231734573463,0.26225956555123,0,0.00792262243871072,0.170194668684072,0.421033279927872
4,0.596946414579229,0.699798199442455,0.0369964836101651,0.703918338971768,0.049448392544045,0.525383107556627,0.356737306010982,0,0.0083245325839126,0.186711417537763,0.232033635409506
1,0.216480094238566,0,0.634880032335796,0,0,0,0,0,0.76711735798131,0.17724787354429,0.000127792534916618
1,0.0273474604227956,0,0.666443778247497,0,0,0,0,0,0.687451969771997,0.304138791379465,0
4,0.594753146087829,0.683461284388411,0.0442917039212189,0.703576601705102,0.0364063713042629,0.464756807851115,0.434269321191588,0,0.0099512785117141,0.185349537429304,0.237669784470669
4,0.526565496223516,0.891537319113168,0.045198490770534,0.668623605375532,0.042101055443991,0.41882328488134,0.476712820020042,0,0.0620971253936075,0.153439122931103,0.0596978853004622
2,0.567616877998458,0.314811515077331,0.0982325456420364,0.635265781656329,0.34251576689791,0,0.0880693587030021,0.423534909010372,0.0243496860596747,0.000780335015641016,0.521900297694288
4,0.587216456074728,0.699691436340973,0.0505815330747598,0.693942818253465,0.0392168030538739,0.463613467990404,0.418462694348719,0,0.00975336274342808,0.193220077186267,0.236362064947704
1,0.224378711272604,0,0.18527248166574,0,0,0,0,0,0.23718532376168,0.602927412002485,0
1,0.127544257773988,0,0.677908101933628,0,0,0,0,0,0.131047086509748,0.868049914491655,0
1,0.0949908321576696,0,0.568816681228391,0.0336888400346141,0,0,0,0,0.109177941246973,0.79714132030731,0.000342892259036968
3,0.488621720702452,0.017364932159989,0.0407220942815982,0.148669565924269,0.00480254062122461,0,0,0.809063407487825,0.0197093884385334,0.00886041011999781,0.797245126177684
4,0.676166747555479,0.676222343088597,0.113334858508182,0.550054375205978,0.0514982243252013,0.425648450467673,0.357777781444032,0,0.168475952759562,0.15899737593375,0.189356762981457
1,0.0248347268812054,0,0.376118953887816,0,0,0,0,0,0.860988402089395,0.0319789717272308,0
1,0.216332748851217,0.0305066167156663,0.693434996120743,0.930923965153311,0,0,0,0,0.0248345567748135,0.0106605579937367,0.214897567412623
4,0.682380551674121,0.658499504352076,0.0947681745731847,0.617475132575294,0.0513748537728042,0.453247170279837,0.414853157425766,0,0.119296747997456,0.127288341925055,0.23182988936848
1,0.391816657271126,0.834655345548316,0.114137098196397,0.186683840501867,0.000232070313414077,0,0.0168467064758419,0,0.331847666199577,0.395645883511279,0
1,0.278097598542017,0,0.957218131308735,0,0,0,0,0,0.941400597235317,0.0578972649256683,0
1,0.153318003169844,0,0.410280823453254,0,0,0,0,0,0.808036537865788,0.176335362054502,0
4,0.510376175541358,0.937275930107487,0.0333825884938669,0.364084338934088,0.0222972066155787,0.0306421398559041,0.345089618327538,0,0.00499154351565545,0.569153741738129,0.0227355273431152
3,0.456917129084384,0.03351715937268,0.0934608198909245,0.785155552564224,0,0,0.000145740048510076,0.996591897787418,0.00388863582947583,0.0137662584935408,0.848990891515868
1,0.0410921654700779,0,0.27093322289066,0,0,0,0,0,0.0398250199518769,0.942993103629273,0
3,0.600348364145583,0.000101584494942572,0.112426053067329,0.726579201590715,0.00880698889731043,0,0.00660356819530557,0.919695234722589,0.00520388754305743,0.108701846177697,0.842443862764691
4,0.630665799673903,0.40605379957453,0.0364605237135707,0.803897790676707,0,0,0.791705767408284,0,0.0014210806765943,0.0809618243216715,0.456888727365486
2,0.48809849289344,0.00115424925166913,0.00582670708630984,0.850273485892992,0.953703796962344,0,0.00959824117527954,0,0.00947843907082291,0.0234468439570738,0.96958574404921
1,0.219915814748744,0,0.433056243357071,0,0,0,0,0,0.801976551110169,3.05099141768001e-05,0.000155834211186612
4,0.725818677980745,0.0918424912356196,0.0164965723718214,0.0932869237328879,0,0,0.645391708521344,0,0.183227726572297,0.674903702322696,0.399809824060524
1,0.489283073393827,0,0.935968973025836,0.050502169326494,0,0,0.989127259064664,0,0.00416833595777832,0.938134341208984,0
1,0.436171778733111,0.0985368857572883,0.3217852318959,2.77394947908306e-05,0,0,1,0,0.528310304260461,0.456974527312978,0.00808142324803979
4,0.517137284705536,0.916662121416098,0.0597010957452192,0.362960366338486,0.0112561227102355,0.150236301304138,0.379558576658832,0,0.117768944911091,0.443428709974422,0.00582157315046037
1,0.158352290216065,0,0.453585055554788,0.00565192012845397,0,0,0,0,0.246473300524702,0.739930050535183,0
4,0.665013650088591,0.46258228918931,0.235487331140677,0.565609667211453,0.131740316858893,0.850063546248302,0.00171089422970238,0,0.0726460250905446,0.181164671233063,0.29660357604086
4,0.733616323927143,0.638121205384651,0.0765068524574507,0.4940302477912,0.0610959240846312,0.424664216463331,0.260568342767108,0,0.142564792513153,0.249764881571414,0.234751948785014
1,0.130190390564095,0,0.262921378754502,0,0,0,0,0,0.630056883812504,0.267348975841139,0.012884676194517
1,0.755712960227944,0,0.0132660093095872,0,0,0,0,0,0.989253640928138,0.010745516396358,0
1,0.297817070987141,0.034948260640145,0.46970038434203,0.0102260818268796,0,0.0236025728478345,0,0,0.244629116675231,0.743563656307827,0.3601485956959
4,0.702550273202795,0.682222749247942,0.0738632344196593,0.444060936129921,0.0785661163345747,0.542858846291285,0.174738987694039,0,0.178223080299586,0.284672859721495,0.210855047024957
1,0.323263372871718,0.612382318050486,0.173205732591524,0.145401620335302,0,0,0,0,0.141764278555839,0.599288911990007,0.169861338073479
4,0.433715925203661,0.881000597470188,0.0870189864379487,0.245933455893016,0,0,0.864035994817396,0,0.0073308653324347,0.709265524841845,0.00825193693780957
1,0.338274202970933,0.157610019086814,0.268311476836945,0.0653794163042842,0,0,0,0,0.36281432746093,0.549419087979492,0.000209399460603059
4,0.5784031157659,0.0159399105378475,0.055594973726008,0.673915613332937,0.0852423966059272,0.441032974503643,0.217516603477515,0,0.179767717345645,0.0541936640226432,0.923343050487364
4,0.474562626309314,0.0184414828880457,0.0201787253731739,0.847482912756023,0,0,0.76915124115407,0.0100944469158583,0.0101160910850165,0.0248175676901023,0.941154615155795
1,0.269744455326673,0,0.655649867948528,0.0176329336612158,0,0,0,0,0.86764959176957,0.086750348342761,0
1,0.10694254248934,0,0.789074923919214,0,0,0,0,0,0.566878770937935,0.310331051432429,0.00704423729114263
1,0.457470852084131,0.0302329894799509,0.820541807932534,0.0130651778513075,0,0,0,0,0.777906732139531,0.180512614289874,0.000266670406875235
4,0.568598434588308,0.85427279526317,0.0224708173638278,0.180544906627339,0.0263123702841231,0.0334132275235645,0.040720652875458,0,0.0118017645648394,0.782242623780113,0.119045011095601
1,0.390312119044778,0.117372006342972,0.51756089289925,0.115782427585927,0,0,0,0,0.0488767576799455,0.812799534749879,0.00647405880112849
1,0.254470634466533,0.337499670716275,0.663975683105199,0.659519730521227,0,0,0,0,0.00374128317763268,0.193657697695065,0
1,0.561830575794299,0.0857048930357371,0.193799800787425,0.0235301571186457,0,0,0,0,0.835450796937607,0.0528107418140821,0.267866948931366
3,0.60199450469241,0.00028400740633103,0.0239150539822949,0.826420736891667,0,0,0.00795477257169516,0.987105176958294,0.0284596454543174,0.0219940689659103,0.907480750617816
1,0.24707655259646,0.000532504838270792,0.997287184376072,0,0,0,0,0,0.00179058859077476,0.997884050280946,0
4,0.547586455047117,0.894781319383679,0.0301622221995213,0.218318920291579,0.123945325734262,0,0.273778094284105,0,0.0376293401218347,0.708107677750013,0.0297016312712781
3,0.481803067849308,0.892354164408138,0.0365072360069985,0.650083526688669,0,0,0.110262981922615,0.442961309171664,0.0195202369243635,0.0239303850092316,0.00439768617679441
1,0.581607415300869,0.153106155489573,0.225550611134016,0,0,0,0,0,0.748556997306396,0.0991594923131152,0.082950853049641
4,0.507520662023697,0.529209179679434,0.00262912986359381,0.26475003501305,0.00015150515607211,0.00131125301820387,0.0165815446078186,0,0.0446378476307759,0.653856212557973,0.424158784049181
1,0.364430828735786,0,0.191739418127094,0,0,0,0,0,0.125101015054607,0.813172850249691,0.631924288309933
4,0.428618366724323,0.946747871251113,0.026463177189062,0.462877340023193,0.0694813389551223,0.456110442911026,0.404960575912286,0,0.012548370495126,0.443850122536541,0.00585292999101077
4,0.391953800372584,0.780926006118854,0.137172372726435,0.629070639447721,0.121694449596579,0.432836132949716,0.316384219289026,0,0.00347226636853076,0.253580577219363,0.0769317723403282
1,0.182841233476622,0.0154130917463254,0.943687930753198,0.00232473899993507,0,0,0,0,0.0323463716278924,0.893584436078988,0.00311832304747651
4,0.486391817348333,0.925579100180513,0.0711676257634971,0.876228966635036,3.19225906595676e-05,0,0.168892528757804,0,0.00143229483854259,0.00265232136075287,0.00119784683152936
4,0.850865320509287,0.129595211092995,0.0905182762070777,0.0286269247702327,1.29009242526866e-06,0,0.235384815307694,0,0.289351151655609,0.619493099500903,0.357809950522177
3,0.389467143782325,0.000503625765619452,0.175805176760476,0.720827304761744,0,0,0.0019561120022938,0.745588508874588,0.00855697798381392,0.140890858418196,0.75388660965378
4,0.583989804187131,0.338694004205463,0.0210599325158182,0.308631626128168,0,0.0145653759923341,0.393768709777416,0,0.18296409383671,0.465676556995745,0.64385557916127
1,0.257902962136738,0,0.304854708297482,0.017507011264451,0,0,0,0,0.40705782672785,0.052662499159178,0
4,0.689675159546703,0.533806130367336,0.0833986726923503,0.576296548103511,0.000367343454747966,0.00105407702135087,0.933469136510976,0,0.0389987216940745,0.298484210797985,0.363488204251487
4,0.627335431789916,0.655768909392212,0.0913106583387923,0.605119613845874,0.044145254073141,0.537126414000137,0.294440482329648,0,0.148802519866136,0.121950868045069,0.2242511460206
1,0.0226998661677377,0,0,0,0,0,0,0,0.38689948758376,0.590328734726054,0
4,0.526251948345588,0.96417895083322,0.00858175685701568,0.871492393235059,0,0,0.440737625193791,0.236096230358858,0.000945565057488323,0.0281026686228727,0.00248712652162114
4,0.627775630390271,0.317734321828558,0.00667732727360671,0.781388407454975,6.61398097177921e-07,0,0.789966846231171,0,0.0495030119508443,0.0612223607396112,0.677353610507731
4,0.423703041257399,0.874769230025132,0.102536329131475,0.602424365833894,0.0971336594238787,0.0803268021500311,0.649262964816338,0,0.0696725866613781,0.235326849031035,0.025621284685112
1,0.147735305980837,0,0,0,0,0,0,0,0.230775696351905,0.728786965079352,0
4,0.603392786144872,0.594278864890343,0.036748791564053,0.504726426116499,0.0722607787119368,0.0277598711228318,0.37237908332645,0,0.00924180609731352,0.414722102156874,0.344317554645424
1,0.104612553606659,0,0.923477885429239,0,0,0,0,0,0.634978834964629,0.22542117213819,0
2,0.469270064021015,0.00256088737504999,0.0183124256109536,0.829253744095214,0.784377419705058,0,0.0865763870727995,0.0490318091900384,0.0156958685839075,0.0394174325538878,0.96981375501711
4,0.354842114403265,0.514081682223564,0.0872173979818084,0.743029748363596,0.00150273591237243,0.02369368366943,0.167745350866973,0,0.00443483272550136,0.129903666671744,0.405680120043921
2,0.459768874145399,0.000148270140884098,0.0398177773945052,0.808192673795957,0.0222008863038644,0,0.0635218555352751,0.225034306512618,0.0170253928558018,0.101468882257283,0.93921409980443
4,0.499160991647737,0.285797933954216,0.112350258358578,0.682833478907442,0,0,0.981532377937215,0,0.00253572767187938,0.216708561655375,0.595008042184718
4,0.695836675512855,0.704929642383033,0.0726547714663336,0.47991571030959,0.0726784770640229,0.525539383219824,0.198392393039465,0,0.13002433029303,0.284545218471954,0.197609948585192
3,0.441692632173888,0.433332081675427,0.486641513944423,0.529116704512142,0,0,0.10091306822262,0.858603750260789,0.00687596510817547,1.96210153001817e-05,0.00199458918365984
1,0.748406882117423,0.00198080942010284,0.142212537924215,1.99321303653914e-06,0,0,0,0,0.499034534849221,0.500933844013086,0.30320392693781
4,0.56777334403975,0.741859047170805,0.106900197803378,0.717094470460963,0.0656177385100579,0.34080176762165,0.475586747947734,0,0.0143291199078967,0.161036746702778,0.0957457206937393
1,0.453717341496182,0.385391822264646,0.403612399389696,0.224257177488515,0,0.000863613943408997,0.465989891214218,0,0.413554862967578,0.316016128985262,0.203922972443883
2,0.530541009098859,0.398133315754124,0.0929403460044104,0.533970426914201,0.668006695705542,0.0685837326501256,0.0352873933788627,0,0.31210116298832,0.0803134016681566,0.00580915295107297
4,0.431610610530177,0.519035634473411,0,0.641358259215503,0,0,0.0102745689617618,0,0.0435465307412069,0.193362386664825,0.284756484471512
4,0.514647771583851,0.00300472883993298,0.257148834432314,0.453673256312038,0.0045363074812493,0.772633000901496,0.0469106790217416,0,0.469026957254479,0.0116815102907842,0.608655896568919
2,0.544947301112059,0.254811194845417,0.149190004660013,0.535044919887773,0.967492619577082,0.000613056703984998,0.000756521227093916,0,0.127292408477492,0.256506786557399,0.0731343989422721
4,0.443577937806102,0.00126206955020767,0.47502058240305,0.518590382249426,0.000179656270616416,0.786233514926559,0.0265470092387741,0,0.377404963787571,0.0188224594192738,0.394296039470344
4,0.511304690393232,0.00287212614188094,0.16229057871678,0.458507783022668,0,0.847879511326983,0.0133589109457986,0,0.467376926770818,0.0113751614735086,0.691577315818052
4,0.48683763096145,0.00139650808761242,0.243407712502756,0.468200115513403,0.0019383035426213,0.720011778961221,0.0975108319526525,0,0.446746976013648,0.011315622915028,0.642169296616161
4,0.48724100848253,0.00455588524910615,0.194882723611551,0.510530783700928,0.000868111968888719,0.827540639082387,0.0191876764118132,0,0.404387664818961,0.00921774039036839,0.673393179973138
1,0.121794480197159,0.0117371734932224,0.977160927617709,0.561543368985824,0,0,0,0,0.016140350877193,0.336491228070175,0
4,0.545947729389455,0.000755333042328381,0.0429529518912393,0.818328581121915,0,0.967889723852905,0.0174499545013691,0,0.0501893580489239,0.0183838715715602,0.949440690231355
4,0.63888735890727,0.530476450310577,0.00709197803034145,0.453989622457602,0.0390286318017401,0.0310043202843813,0.449987840214694,0,0.0070393244891904,0.47128167109816,0.465573931970152
1,0.38297497044529,0,0.0877283487040935,0,0,0,0,0,0.997298357517357,0.00269528419803876,0.441318622247893
4,0.467393445819998,0.0966313086049763,0.0933320953043293,0.846749335574832,0.000771541083784525,0.0522440486525821,0.853714603003739,0,0.00800998187604528,0.0266432770188375,0.81086984920546
2,0.516510978640958,0.11838803999387,0.0246667897919023,0.801254657070091,0.2843861831134,0,0.665603855833272,0.0110238828577679,0.0521520043419175,0.000822264292770049,0.814123382053021
4,0.285869035248439,0.856988981894752,0.149061052315728,0.752233366920165,0,0,0.00296336437441747,0,0.0105473563833904,0.134155360729161,6.67956185638424e-06
4,0.377916069533783,0.484103127496738,0.202278355146944,0.765634341987653,1.49058657872203e-05,0.660594976805992,0.0845868972724531,0,0.00112992616100523,0.103681347972847,0.32048957516385
4,0.644195519060149,0.485685067184055,0.0501240145972563,0.589091865636949,0.062932166172766,0.651427563512637,0.202524314318024,0,0.1168592066988,0.204957920998255,0.111163367722075
3,0.495081529484709,0,0.240095513055525,0.706443328673666,3.24902852741088e-06,4.59572654691364e-06,0.291216031921731,0.706181201699766,0.00559136869319875,0.182106897800225,0.451863631652716
3,0.433977147479283,0.691540924714889,0.274269913333897,0.812693445191469,0,0,0.265634878399794,0.699696846651999,0.00836689367135346,0.04123207590438,0
4,0.569988236358972,0.674555219009375,0.064956284792979,0.568432670403788,0.0844798802254123,0.542020604475152,0.350877173638423,0,0.0193777211148499,0.324708655419662,0.247958377189011
4,0.396783698983823,0.957060592305159,0.0145458925911028,0.36574156117479,0.0625961625010834,0.423465137884602,0.444285746376383,0,0.0145676273731354,0.560955019303303,0.026651372752293
4,0.625640523142497,0.4374629493945,0.0598612442031973,0.591208540950071,0.0131090397254963,0.222534688026903,0.203532774397989,0,0.00898699739958262,0.313006900398221,0.448732654419003
1,0.633620375692439,0,0.000814401913910223,0,0,0,0,0,0.860444735104532,0.139555145322722,0.836730009553833
1,0.403188868172871,0,0.588688583346155,0.0920363534623654,0,0,0,0,0.637785411231766,0.251496192778204,0.0226021247830774
1,0.370611864804953,0,0.732993639537622,0.203891711038507,0,0,0,0,0.0073522316802693,0.410258440643919,0.2680264591425
4,0.604956269478317,0.933494884849621,0.0308762352802661,0.460570198101669,0.0111190297007707,0.0319082282904019,0.288784792138003,0,0.325568081888863,0.143584979825566,0.0308199482942732
2,0.633905008435026,0.000127688995101194,0.000472411541816,0.381436020816913,0.803517997260891,0,0,0,0.165611185136168,0.400851744056507,0.99513785928114
3,0.536729378653852,0,0.128528239442182,0.788746105950402,0,0,0.216978078748234,0.778525033474241,0.00161148506879705,0.0542041789560894,0.809004211908472
3,0.385142726088778,0,0.137496589823069,0.734234710641482,0.0103943463341818,0,0,0.879621228311111,0.0260620896046453,0.0276528774534828,0.845410155563559
1,0.396648544512337,0,0.99580529241659,0.0570329731222541,0,0,0,0,0.722324119837421,0.181972737576659,0
1,0.140272343538144,0,0.963557894480429,0,0,0,0,0,0.632491170949507,0.325494214718266,0
2,0.578781656100089,0.12104393868759,0.139394933683129,0.287337380768457,0.901490655837848,0.00574554396823402,0,0,0.387575593064462,0.204603668346154,0.0909719596763741
4,0.474708142443735,0.87691468024497,0.0451568900228643,0.303185494122737,0.00801943393047787,0.0258953801656971,0.791322276156099,0.0015630174921673,0.200630867555607,0.375215831140275,0.0613570662937413
3,0.411417067511371,0,0.0226870377727987,0.789999782787328,0,0,0,0.975222625544608,0.0210569042227842,0.0227595329252858,0.834276453918308
4,0.51524538267296,0.750652397054117,0.0436990163960913,0.717273422367093,0.0547007190548821,0.315887225245563,0.551641122641014,0,0.0130599975436436,0.154480703256756,0.196027294358326
3,0.379964411335659,0.550492205507725,0.0974638588796737,0.716483041305096,0,0,0.346143277022277,0.517072128139867,0.0109040111941839,0.0414020921380408,0.298479661364798
3,0.449979381921522,0,0.0170102591599159,0.796070454353175,0,0,0,0.995975767652866,0.00386412543880354,0.0359495655360462,0.918400552566184
1,0.178141058767619,0,0.351068047809504,0,0,0,0,0,0.138034711701108,0.860216877583329,0
3,0.627695645304315,0.000885741755450204,0.0163961028404447,0.750060251573302,0.0223862461992008,0,0.0928453153228491,0.796194806121935,0.0322954467581999,0.00648319538534649,0.958558783598537
4,0.493756666571346,0.959268558952551,0.0162972717760205,0.458229118796854,0.0838053682184532,0.379158489150647,0.464499707207037,0,0.0268803796775148,0.445178014176616,0.0148238193625541
4,0.475837687871812,0.935347750883293,0.0188397198119186,0.622864956083618,0.085050869724547,0.317268966435261,0.523863426140908,0,0.0288546906306709,0.242870835708219,0.0307216168846303
2,0.482104052680294,0.00929516776847246,0.0222435068611627,0.75921261033719,0.445019805759354,0,0,0.401333927748809,0.0187708076121388,0.0932015685032368,0.951842102247587
4,0.698464884449873,0.702298091997214,0.0644357303486113,0.453922436067346,0.0639629275415702,0.502234468308476,0.24251627492938,0,0.130646208549337,0.307201614040385,0.188622478924106
1,0.379395497583043,0.631335388453912,0.234643305703189,0.00831870772513415,0,0,0.00574860241769793,0,0.0403190475362578,0.95022597709898,0.131079375378
4,0.523478122030134,0.546834434690159,0.11676313937902,0.794085761580616,0.0620808710782098,0.0426312293724003,0.674691324259641,0,0.0297595847563788,0.0596297238701513,0.0597041844182697
3,0.618769028990933,0.0959888199310503,0.0595868364388973,0.73596156351385,0,0,0.00232385848792094,0.872871695515304,0.144382006755569,0.10813652814954,0.79180275625598
1,0.389668560767222,0,0.94198688235751,0.0169826859329785,0,0,0,0,0.482081355678417,0.497106846555862,0.00019736369643756
1,0.642049710661066,0.0718515309100922,0.137576763455146,0.0246164059671011,0,0,0,0,0.108452824586314,0.657607644380583,0.467231835427934
1,0.327600570249432,0.447388389091879,0.387151185362232,0.377296631942418,0,0,0,0,0.0896264096125595,0.465930659734054,0.155931717743967
1,0.4842727257836,0.532883405001578,0.0251905926357595,0.00197516251049534,0,0,0.0915638447007453,0,0.0256202706048771,0.961271513663218,0.416681125267167
1,0.197573761067076,0,0.572620580735598,0,0,0,0,0,0.687135569749149,0.276430607142535,0
4,0.369139781246366,0,0.422830186752269,0.74135100200953,1.18936542874722e-05,0,0.923288905902321,0,0.00303340761962148,0.106869008522892,0.574034710524505
4,0.546395510166008,0.672650426265045,0.0532980631108833,0.717404996729193,0.0344013171439852,0.470572913768637,0.419549878763866,0,0.0100242655281731,0.169993682072143,0.245289050277113
4,0.509250458808412,0.346421046572347,0.15574195442849,0.668439534917027,0.00059897636362914,0.000141092066994229,0.875938365803725,0,0.0214430526571149,0.112215001851225,0.462194690154102
4,0.721814373645898,0.75129688076246,0.0670032420019653,0.509565114410862,0.0735662136364023,0.517411164522604,0.203024068789656,0,0.132397310685834,0.2503790709379,0.165290590421949
4,0.450897572475939,0.773345913609863,0.0666217801567831,0.450527556418675,0.217223799942479,0.0211891291744787,0.566470762045739,0,0.0517127761761065,0.433300537013774,0.162377469390333
1,0.341676834837068,0,0.165550443584599,1.11243234065579e-05,0,0,0,0,0.678832759992797,0.317934037603432,0
4,0.616935276483153,0.421882830097683,0.00225742334518471,0.572698796482662,0.0622089415097754,0.031931656940612,0.434073675254367,0,0.00603476972215893,0.341908670821801,0.57528944461219
4,0.565165833758218,0.794804465921487,0.0726656253242919,0.409183937491791,0.0990396452848109,0.119054268368402,0.625913454166843,0.0160206386748282,0.330273550727424,0.18211170121568,0.120764983941849
4,0.415144735811784,0.935664826463098,0.051899984667865,0.590062917725684,0.0613543560871671,0.309408423597814,0.545632139161246,0,0.0161325993820945,0.301740568401347,0.00468126380120147
1,0.484810855548133,0,0.989156941138071,0.00989162337745444,0,0,0.952163798580032,0,0.189368650546468,0.0149791410613101,0.00224950716173224
4,0.514360711976558,0.112510685835269,0.0678062287105402,0.587873638475997,0.297015247904439,0,0.696336073079471,0,0.0126612190934294,0.290649458742763,0.802160265881076
1,0.380801148588724,0.025643463792476,0.866591800237407,0.0716420485462015,0,0,0,0,0.760763393342104,0.114596377668694,2.4931525038517e-06
1,0.729814312600632,0.00147728580651124,0.0240068016882431,0.013333658477029,0,0,0,0,0.86251767595405,0.121659321320379,0.0983678357993983
4,0.678893993324745,0.733955001530883,0.0773910839596617,0.46111533515653,0.0695721080185397,0.484794021626067,0.20880063976268,0,0.153175466964853,0.283687157865019,0.172729400598403
4,0.612787163283168,0.950594592326065,0.0369291019860378,0.448307883266429,0.0182843438167343,0.0182903277717052,0.472747001906534,0,0.196104636522012,0.293446280526927,0.00591777487639704
4,0.498060302759277,0.801670265899229,0.0646286646083049,0.609845363333994,0.0500436313908771,0.385432748849901,0.452661392879397,0,0.0148591171533474,0.283074891032802,0.131448587395405
1,0.185036890694297,0,0.450144415988044,1,0,0,0,0,0.0545659989838303,0.116785681528978,0.370365560259954
4,0.647907000944041,0.586216917697137,0.0705120600680525,0.527075216202986,0.0478915937142554,0.592123367444754,0.253756352646706,0.032321477553728,0.228731476367149,0.137343292862366,0.207358817584274
1,0.204103656107502,0,0.600964585472752,0.0295299904907546,0,0,0,0,0.455943615175872,0.489356788334019,0
1,0.374464590243705,0.162291255262534,0.777157290987812,0.119711164116728,0,0,0.812458877011228,0,0.0134365471981258,0.850500719861892,0.00253082402750477
4,0.479141181868994,0.031870238508901,0.127122827153939,0.819502279411627,0.014943699086835,0.903705474204375,0.05932172853678,0,0.0254253096263469,0.0210121176198384,0.1326063201339
1,0.352101241487626,0,0.81724969181204,0,0,0,0,0,0.158166784204921,0.26616694142326,0
4,0.589464767399269,0.000123191711630314,0.0267315856152355,0.815649085905948,0,0,0.650424088862614,0.0854786481481938,0.00963008209111601,0.0849423259331565,0.927566093648194
4,0.38717648952223,0.911273604798369,0.0729716078984927,0.240511582336557,0.203880966174181,0,0.373698230711348,0,0.100455891792937,0.609803556454957,0.000913053292241604
4,0.615249249524291,0.750781042644041,0.245665052971517,0.784270204994446,6.75429298602299e-05,0,0.658093391592092,0,0.00256153114299915,0.00330587819025928,0.0019935794901495
4,0.440031539603017,0.391516671856523,0.0935109939020264,0.804066136104821,0,0,0.899470857445826,0,0.0123902505234548,0.0720268090666433,0.489526880780052
4,0.247171789301749,0.630147910795418,0.0367098075700677,0.719375816383205,0,0,0,0,0.00310701839249212,0.171913524527691,0.325942540443563
4,0.673433242911593,0.951395404327767,0.00283820945641441,0.779904324902702,0,0,0.398535250204486,0,0.0741446652267209,0.0394224388864579,0.0519174455480091
4,0.442218667298284,0.116088399817147,0.0201681058996841,0.823189931634611,0,0,0.879316143245245,0,0.000494197546838828,0.0638748389310936,0.863528046772262
1,0.118146475026547,0.00844408170184816,0.522646262556576,0.0161577680720965,0,0,0,0,0.211141840847162,0.53467997810599,0.0916518591447592
4,0.30669517803436,0.00668074067334271,0.0798280297152346,0.588386877320409,0.0145984186482945,0.973833162740163,0.00297929354275449,0,0.00124326678082268,0.329997817991125,0.91081591862366
3,0.482727553151589,0.0353881271584192,0.119068116884761,0.814110706714462,0,0,0,0.985676912661649,0.0149363616749537,0.0303040921196181,0.795036607870706
1,0.225413195723903,0,0.139516465417061,0,0,0,0,0,0.604090670315974,0.380111105075918,0
1,0.229677615905825,0.39415268521297,0.381966048800091,0.262553364953626,0,0,0,0,0.162140285004104,0.536237456491119,0.0696906349425009
4,0.656668620329551,0.698903101298713,0.109086036321246,0.658371644345913,0.0455066007496952,0.408265669792307,0.433201655329623,0.0385961764106273,0.107710126511475,0.0882895469066395,0.165759055574729
4,0.743000222987102,0.697625184401373,0.0760208982713469,0.497753357734489,0.0724614446218156,0.461777211570119,0.257390399574179,0,0.196472450048723,0.202190289932363,0.159850565020835
1,0.0512790264795405,0,0,0,0,0,0,0,0.639032393257623,0.311819603594026,0
3,0.464393299813105,0.419998601316406,0.204745345735442,0.443784328161962,0,0,0.0383571113861436,0.768851162703951,0.0312812230485387,0.0267582028101431,0.283340644802462
2,0.474264606994991,0.00183932085709933,0.0261754080823642,0.772459828489369,0.691107362772997,0,0.21519885296827,0.00027670548752658,0.00680500036949582,0.114557147575826,0.970915167346833
2,0.514664558999906,0.471194337821717,0.0783632335615066,0.888952800897263,0.521838596397151,0,0.290315946551752,0.0924533098474118,0.0303184779978186,0.00545078802063282,0.391712762215202
4,0.55685553868246,0.268488170989974,0.0190315549540258,0.875884841699283,0,0,0.892589232237822,0,0.00315074448102,0.0013219515306635,0.717159975153757
4,0.65532717543983,0.728019353983174,0.0757815267356469,0.543194559097796,0.0353271160946115,0.501542626668516,0.391841663596555,0,0.198835715435063,0.144467670966382,0.124945733428091
4,0.330015842313109,0.419875986297754,0.549844533827683,0.649125538064088,0,0,0.913740427717226,0,0.169970727210828,0.0920858097344822,0
1,0.31234679809944,0,0.822701893853168,0,0,0,0,0,0.093941974591168,0.715722405011886,0
4,0.318250381580569,0.267497440814654,0.0995205558164282,0.761519825425471,0,0,0.971820880049406,0,0.00643539150446898,0.12803807111127,0.634397572834486
1,0.318279512806864,0,0.890712032953018,0,0,0,0,0,0.477368017834377,0.00344225552779688,0
2,0.410768215711757,0.00720308916628051,0.0427672116111416,0.652258125405069,0.893661767071771,0,0,0,0.0194729460175005,0.238811932322833,0.95025322923605
2,0.432405769803037,0.00329528809076754,0.0410704447192413,0.892940904364655,0.477494481477919,0,0,0.514700826376041,0.021751151336974,0.0284195904437432,0.889882074712753
1,0.620918611576951,0.420952307784558,0.0169198860738158,0,0,0,0,0,0.993393258605011,0.00538049009356336,0
4,0.575507712810497,0.806145351241265,0.0104768466806892,0.185416528402576,0.154823864567003,0.0612998213684035,0.42464536266472,0,0.00331925904285865,0.783921015730056,0.18754315712233
1,0.262252334028387,0.00687676994055185,0.977429494002844,0.391249602624691,0,0,0,0,0.158557551132685,0.164240804774439,0
3,0.39322552289635,0.00127487849775139,0.0437875895282102,0.858919686429317,0,0,0,0.97595051867131,0.0158764440131691,0.0188873118735572,0.838087201608738
4,0.326103430316767,0.732544091035844,0.15624477191911,0.0786266544440428,0.022813868916761,0.809417925262758,0.140701423017125,0,0.104111630552935,0.794146115799127,0.00134459415348452
1,0.305088287989579,0.37691651505646,0.295990281788946,0.00199105076511824,0,0,0,0,0.0219978590491851,0.973810914013753,0.321646195196951
1,0.156110802767737,0,0.723179227910753,0,0,0,0,0,0.918377228651861,0.0679808153477218,0
3,0.569840156649378,0.000704676020707773,0.256840780766519,0.675911537505949,0,0,0,0.973100768495115,0.00172985880548741,0.162298401103349,0.722096109647833
4,0.493774970233476,0.496386362933926,0.062315074825415,0.495617194374409,0,0,0.563619893637612,0.124985484747932,0.0382138206396212,0.230481859962901,0.400640158488257
2,0.487314462291143,0.00171654896087191,0.0382893530439489,0.651877796380073,0.452662130027665,0,0.0892171015602921,0.116601475451594,0.0348593043087175,0.0287320632874517,0.678423617302813
4,0.665920711793024,0.755993275481126,0.0596746851119069,0.426653673449745,0.0664712881891596,0.560037878912429,0.167178086926277,0,0.154546619222947,0.329310013388517,0.158927557127156
1,0.321581257121793,0,0.862737932525695,0,0,0,0,0,0.0628045649321974,0.841893574868194,0
1,0.549511136228888,0,0.245255024115596,0,0,0,0,0,0.669843427820406,0.182588878515286,2.50547973045726e-07
1,0.292351150017753,0.630921000888043,0.106368518003862,0,0,0,0,0,0.569114096573877,0.4292871566994,3.41347022740018e-05
4,0.783890150974325,0,0.0226228583154906,0.631946246340987,0,0,0.0498945792238589,0,0.168875858151886,0.112859033835325,0.0851399119861269
4,0.558352900884747,0.516045972578388,0.0812756746025986,0.00576695817091502,0,0,0.999772966718849,0,0.0634133276599954,0.0518338032340814,0.408686353139898
3,0.52245690859444,0,0.0385955067029961,0.70865857196683,0,0,0.0561591601750633,0.823547848695049,0.0144414643277187,0.103886743996312,0.903850195449809
3,0.516165871849466,0.0315987617379056,0.328088629282356,0.70988022540526,0,0,0,0.320292614342924,0.00171726546881342,0.171306688582562,0.640502771848344
4,0.728972044393963,0.708076342477625,0.0802306591008319,0.486425542719506,0.0828532928153257,0.582248093289155,0.158748315984733,0,0.154701128343059,0.260737935158628,0.188783766977715
2,0.504595916199793,0.000441491013183658,0.103272594970161,0.832642156515468,0.362363572319618,0.1431385488064,0.0211319546846972,0,0.00884647101931548,0.0447707847459402,0.61883418304166
4,0.403351133586693,0.941288659551042,0.0606267203609916,0.254128188799527,0.00682477741475646,0,0.234845471494038,0,0.0478560377662871,0.645486544937493,1.70097177565425e-05
1,0.259421912538829,0,0.459966982996794,0,0,0,0,0,0.34940022591653,0.279848268161911,0.0325646860471197
4,0.692614189443698,0.753125142831054,0.0702599912288973,0.455720612345472,0.0744413599255307,0.50447150379533,0.207452922785618,0,0.159677123385344,0.285224525895164,0.148328687292626
4,0.602174080550018,0.582517660493239,0.0173636558097474,0.373733259100946,0.13074142083544,0.0685921048794634,0.477547753156236,0,0.00420534524317817,0.566821110787025,0.402233299915239
2,0.560715237304511,0.935771426734168,0.052835623730975,0.00902237078756366,0.756604629809408,0,0.00507993571346836,0,0.0114763531962916,0.963668765804638,0.0119558632896465
4,0.470017726924836,0.139412192998254,0,0.673011780611524,0.000634358156488553,0.064844977809655,0.460188895833187,0,0.000511744477801746,0.234460650675625,0.770395911894349
2,0.2798616541811,0.00751226178640256,0.251289873691497,0.802871943424689,0.924035838149441,0,0,0,0.00866932125994068,0.0787894625521493,0.690198504215857
2,0.3138560801481,0.000629731052987039,0.0817391901911836,0.754733216901195,0.95955427270408,0,0,0,0.00543080744373215,0.13668653354263,0.890037701959396
4,0.614689398863726,0.613714492979055,0.138134178154806,0.544919942863226,0.0582430810063109,0.482696562066386,0.372497899427009,0,0.186224674535058,0.106140269896279,0.198291780785733
2,0.495780394399052,0.000218560246165205,0.0730848150286563,0.766171665808642,0.899485292223057,0,0.0157564505373892,0,0.123554042549266,0.000146012301037512,0.917254142521398
1,0.356292024884721,0.167585344331872,0.244558782556494,0.0695802415374591,0,0,0,0,0.109138120198046,0.730449241761182,0
3,0.480921326455334,0.000482847018717142,0.0535477440091919,0.585856055542742,0.210688510422739,0,0,0.724008644426162,0.0149152248967644,0.000437276988868156,0.869895862105441
1,0.690219935369442,0,0.027482474272638,0,0,0,0,0,0.88650198967103,0.11349801032897,0.07040925479564
2,0.572111200232437,6.96674931096954e-05,0.0973999480712021,0.772610505558984,0.486287581462741,0,0.313827175581216,0.144843662910242,0.109313696962183,0.000840504568269334,0.855561535186554
3,0.541751360953811,0.00110816297377355,0.190753224422375,0.739085429707653,0,0,0,0.930860492338574,0.00404123424019508,0.0733875212514793,0.787316731642503
2,0.477705455449664,0.591111763414721,0.0381446508122389,0.173775178564675,0.835101283830682,0,0,0,0.0666377168706484,0.735223339900533,0.320775231010471
4,0.707758177296156,0.670876257928573,0.115879090600928,0.611304837707336,0.0541020567428083,0.434136590415444,0.367557980238678,0.0351619073938835,0.150910548037938,0.0906474782330725,0.16506843149068
1,0.255271398953994,0.0741879634343799,0.596894147651536,0.245538705816958,0,0,0,0,0.524868368909379,0.135086377774601,0.00257766509505533
4,0.576442940554166,0.493164934667277,0.323111538700119,0.16128761957498,0,0,0.996315708647482,0,0.023695344883653,0.488677192580955,0.186897919828376
1,0.37078789719127,0,0.228698523645209,0,0,0,0,0,0.190784608527541,0.804091200451539,0.203749357617498
2,0.546304372707518,0.00541061267129125,0.0413819890283152,0.458693966388244,0.925691223219566,0,0,0,0.157181606523697,0.313052224939768,0.906401172938278
1,0.0115138945681181,0,0.868225030242466,0,0,0,0,0,0.264448961139403,0.0587635298469264,0
1,0.278169944655069,0.00488165519083419,0.425416997663613,0.723115277106355,0,0,0,0,0.00484530001868655,0.0616139778523784,0.563568356952407
4,0.376183262400657,0.414123421400924,0,0.831666744746298,0.000333270418573238,0.0649719769204431,0.407876078188895,0,0.00816518307158905,0.0394234502173603,0.590471868378803
1,0.298914088544389,0.00143644155930149,0.403816164340959,0.0170889442710776,0,0,0,0,0.319509453792316,0.656652647848778,0.135584841449607
1,0.517075543488979,0.869766347570598,0.0140962707205569,0.00481023085047619,0,0,0.010306534284796,0,0.171008778349754,0.82238400758823,0.07845691973885
1,0.433069973038269,0.0554274071027752,0.0789604177622956,0.134069056152874,0.00361356393281365,0,0.0810100279544037,0,0.00244550361987536,0.84506922144475,0.867826732700103
1,0.58372189185478,4.05913921547032e-07,0.395295152035791,0.241599483674176,0,0,0.102151865618519,0,0.0999313356738693,0.385879162867762,0.600890551073208
4,0.426655839284238,0.812626125950371,0.0432162172006983,0.285777951636024,0.00196628134760697,0.0224168465398725,0.422970300598432,0,0.0216776326664881,0.65270468672168,0.131700239351309
2,0.635268991427408,0.00079805892263312,0.109285138433084,0.580709679210465,0.868968333841165,1.0878133834335e-05,0,0,0.0257235224153738,0.21466846009762,0.858488993123378
1,0.435601431647164,0.00226603055609624,0.112500055832065,0.010003771593843,0,0,0,0,0.313042609188408,0.62148274992278,0.133617869773342
3,0.372347981227257,0.791782735709831,0.163221039500778,0.804367716644597,0,0,0.0175489330294908,0.674422753289936,0.0126322045151778,0,0
4,0.417354063730083,0.242014126495472,0.0812215928637834,0.329072206654854,0.00976039512690432,0.022457741718166,0.229516768828247,0,0.0189277076713488,0.604599790887632,0.683006913088817
2,0.524149971223048,0.00113391171347209,0.0484621561966432,0.812543874667397,0.899977258447553,0,0.0076800969773972,0,0.0253475799848799,0.0511054812489624,0.916535640599391
4,0.524390664444586,0.323342396645828,0.589628902876705,0.755857095602633,0,0,0,0,0.041489335324223,0.0572186967384261,0
4,0.43628417753759,0.557637784644886,0.00179590786389886,0.771641115265825,0.00102179837718395,0,0.613844548165816,0,0.0324488940298413,0.0894348783863895,0.427065198123214
3,0.360054876302641,0.556084738206012,0.0495465904979383,0.544170322599659,0,0,0.145985539628255,0.702507094996805,0.071148845934189,0.131790503492667,0.301794620916676
2,0.60518315243377,0.0254995908486247,0.140594707131509,0.690336617423738,0.478940123335282,0,0.3537476774432,0.114379833468032,0.022965755477717,0.00533701201318328,0.785338418105268
4,0.703114154903716,0.715958417909341,0.0740439156488898,0.45142787699437,0.0774597277746111,0.464970775284933,0.24563756912124,0,0.156675474681602,0.287255388751299,0.181808639477213
1,0.145958512628082,0,0,0,0,0,0,0,0.734793092066618,0.219693754221624,0
2,0.488546208265749,0.00968139844840673,0.144936351564329,0.803560451927426,0.591087400307271,0.32507834859201,0.00889425468014756,0,0.0517286656479691,0.00759516107185521,0.839329464108423
1,0.397105487891475,0,0.0870924294331834,0,0,0,0,0,0.141543084734244,0.808681325789136,0.000388575128782699
4,0.58168110808316,0.228273999999734,0.668199858420337,0.751915887085896,0,0,0.570297482015596,0,0.0050244651645658,0.082528409067622,0.0849693708336045
1,0.430456446836027,0.297965157029011,0.0680832035519997,0,0,0,0,0,0.0749217084323882,0.8911552629269,0.0191104784759784
2,0.508390730637524,0.146584910182614,0.105509458560153,0.17980503129452,0.936728260778245,0,0,0,0.0619279891344251,0.651914581499599,0.134341357789097
4,0.327131140888305,0.484596577290446,0.116411648695688,0.866807565879634,0,0,0.958662503320043,0,0.00758959643763839,0,0.349964084609108
4,0.38932937002444,0.0104682434913453,0.613084178002287,0.6440261459052,0.00308168335498329,0.221984367646551,0.447176781797536,0,0.0593032171308444,0.200644076208741,0.262938367478396
4,0.668835729443051,0.0259041303692791,0.0112905320507711,0.227392829365082,0,0,0.676700129804126,0,0.022969333373968,0.717951857008351,0.885509689176845
4,0.455900225259549,0,0,0.809843659304912,0,0,0.896390480550734,0,0.00470142561442227,0.0748327662708436,0.979509597905888
1,0.257031304558978,0,0.423000396399309,0,0,0,0,0,0.458627667765379,0.41981887929016,0
2,0.392998835337472,0.00354234772344365,0.103983097791264,0.738501597459924,0.952975712742531,0,0,0,0.0226340174412812,0.105821413883204,0.850244997987958
1,0.531022074796017,0.794864536392202,0.0525860934258337,0.0651600310482363,0,0,0,0,0.108881594936374,0.804366707799959,0.0293276325782847
2,0.276483544318288,0.00257268947179857,0.579909047718059,0.828409988381497,0.291500186587165,0,0,0,0.0259397448171176,0.032456458309492,0.398051765120488
4,0.289716799964351,0,0.268671062448129,0.764897498035817,0,0,0.903340424692708,0,0.00411134735940967,0.0991488571619175,0.723940598053962
1,0.123322267762027,0,0.540335650799469,0,0,0,0,0,0.577713696809787,0.00322888539342484,0.0518046940818701
3,0.357880831847179,0.839561828308722,0.117725858973486,0.447191465304168,0,0,0,0.913696503142046,0.0191042651934402,0.139606969907956,0.0013343786044911
1,0.259440386797134,0.0480696293345609,0.873725802957035,0.175404460760888,0,0,0,0,0.203040010180282,0.565851829195476,0
1,0.391446986956439,5.76420044209664e-05,0.258413740892963,0,0,0,0,0,0.577056568598244,0.276643974450087,0.144443705092976
3,0.347316037851888,0,0.103686410846853,0.772244720146839,0,0,0,1,0.016595944870352,0.0872722753279124,0.783376506884695
1,0.420547039519131,0.17016282137942,0.424447012873731,0.0148774391715705,0,0,0.510962468647827,0.00776697378786137,0.0286521798078139,0.364187986408504,0.117554204483794
2,0.348039257228659,0.00672468609881356,0.124658560350794,0.626863678341934,0.926241093400029,0.00185182472673811,0,0,0.00842631717879727,0.276388872406838,0.862845045406141
3,0.385913230554842,0.753580754017682,0.21441046658475,0.682397656228611,0,0,0.166678446771095,0.813788719274714,0.056093445119098,0.0146831280237924,4.03138342018729e-05
2,0.440750345761215,0.00257815585007368,0.0700844166661254,0.841818432192402,0.687443673633906,0,0.018509743084333,0.186311703905937,0.0156425490948413,0.00911369698113835,0.895167117028135
2,0.344659473300486,0.00168685114833943,0.0579282708682567,0.671237902002379,0.849251948496662,0.0102657117796958,0,0,0.0289342036791653,0.207287256737776,0.923540045731498
1,0.284706259944226,0,0.495020841571447,0,0,0,0,0,0.415562178761161,0.583696092889549,0.210457639607209
4,0.624120039512275,0.681318741834855,0.0859154309007815,0.574028894775327,0.0464168675131368,0.429834811983721,0.38834629248738,0.0111766904733609,0.145497851973641,0.158661386508538,0.127916129215999
1,0,0,0,0,0,0,0,0,0.0289582976489457,0.695410672616413,0.816233213193098
1,0.20735662143724,0.0303053210225417,0.859528789724325,0.454172037543277,0,0,0,0,0.431326700001103,0.0208899632861024,0.0508237129068807
4,0.386293383596013,0,0.0667965797489365,0.874102752331268,0,0.604342251348783,0.068082760009668,0,0.00336428152668226,0.0030309108349779,0.932219310015151
4,0.447424424254542,0.916670281642458,0.0688463210276249,0.536045107697566,0.0263773286612132,0.0631232306575998,0.655733622626184,0,0.061126060132184,0.30818289439532,0.0083882344222496
3,0.414100796592971,0.703512206171293,0.113057450252367,0.76137942272947,0,0,0,0.985891402959818,0.0446893978905333,0,0.0658364512658966
1,0.728174496343767,0,0.0116186090551052,0,0,0,0,0,0.00965438453140422,0.990345472934392,0.0642692434405776
1,0.454202583272933,0,0.0939206070826039,0,0,0,0,0,0.116504936167562,0.78971475363157,0.716340129882928
1,0.228998985268312,0.0464024247326637,0.322892808948814,0,0,0,0,0,0.391834747464676,0.404005628675226,0
2,0.453583199569937,0.00153783557213379,0.0303191016257259,0.805037295660998,0.464644292148182,0,0.404708000603335,0.0528370350037822,0.0153803987374092,0.0654961241235491,0.936193532132543
1,0.436305716698405,0,1.44176510303925e-05,0,0,0,0,0,0.993134118252212,0.00686588174778819,0.266705492760585
1,0.396705798332396,0.965105418587019,0.0235720589125113,0.000626272715675582,0,0,0,0,0.102913863622527,0.896264601293363,0.0053686668501197
1,0.724058978345265,0,0.0129488413100744,0,0,0,0,0,0.00354281588108192,0.996456880693679,0
1,0.19447451902729,0.296449800987929,0.393626290602489,0,0,0,0,0,0.230383476528285,0.640383249250128,0.246424299402119
1,0.359513760453827,0.915921532879201,0.0881342794992865,0.00542764834970287,0,0,0,0,0.455084459584544,0.536674927169678,0
1,0.728499037448566,0,0.019517076341749,0,0,0,0,0,0.00314688391361722,0.996852974251896,0.147378946393521
4,0.470291970805579,0.270066662188702,0.136506253254651,0.611601840022548,0.000124682935062559,0.188464569239952,0.299481139148692,0,0.036146181559764,0.199018627716151,0.577129499028983
1,0.210175763037492,0,0,0,0,0,0,0,0.999149015599176,0,0
1,0.226324001520228,0,0,0,0,0,0,0,0.997815496106522,0,0.000193212946727352
1,0.425696090220567,0.00143777590222925,0.375958456047348,0.0295142373326366,0,0,0,0,0.315769376703465,0.381916847924735,0.0435301763051533
1,0.484694344506381,0,0.114701208396259,0,0,0,0,0,0.115839577038688,0.88414898417948,0
2,0.341412836014882,0,0.196206778115272,0.795554866865939,0.329688753968308,0,0.0114143884552818,0.0655663599143185,0.00660612902556671,0.0847017352508748,0.076133352233358
1,0.662898498351268,0,0.0147881345278567,0,0,0,0,0,0.0744638241665103,0.92553617583349,0
3,0.505349831315282,0,0.0716147277937145,0.576647123825175,0,0,0,0.936208008165518,0.010926494448368,0.0302945796859186,0.895867101775983
3,0.520009463211732,0.000765333094671549,0.0384234337358134,0.822787951626484,0,0,0,0.999924095490701,0.00455247389175915,0.058595994106382,0.902301503179808
2,0.368712725455434,0.00219597836864583,0.0773914935301463,0.674811552552165,0.986097049306063,0,0,0,0.0266208991747267,0.183983539718763,0.869017554738957
2,0.645099428321736,0.00265153324095626,0.0139480131125532,0.584157617514706,0.347205794952823,0,0.446387281699472,0.0850442976710292,0.0725800627632851,0.272222117301331,0.910873341070286
3,0.438801157556179,0.000166627317157184,0.0284587125469872,0.751143769074063,0,0,0,0.926185597680396,0.00766624418286385,0.0280184298184258,0.893907227970067
4,0.465480207408347,0.18193611897527,0.769896579061552,0.63101608372312,0,0,0.984393486527559,0.00975723278339419,0.000913766945652269,0.129605649121866,3.93235943306344e-06
4,0.353009780766891,0.806383351862228,0.184740470398379,0.259694582414865,0,0.0264033194824136,0.541723042808451,0,0.00502468816994122,0.683957418225308,2.51294315313849e-07
4,0.471005311770304,0.451498644277433,0.0975541775602058,0.336339812522666,0,0,0.0333522470861265,0,0.0235561819052882,0.591720962278075,0.424971122186263
3,0.484638332186093,0.00254166330654284,0.0610974029613293,0.739239820588191,0.000433450400785579,0,0.0146183861863084,0.932493859196024,0.0151211621385291,0.0720679589916395,0.861293506615584
1,0.618279073633665,0,0.0214022702950118,0,0,0,0,0,0.00279244946627039,0.99720755053373,0
1,0.331461972600994,0,0.359797255963375,0,0,0,0,0,0.271500188935744,0.725309637714562,0.092068633421144
4,0.60726547588686,0,0.0229283181168388,0.547235866853103,0,0,0.102969005536935,0,0.0827867633753397,0.29522495492921,0.433975331139878
1,0.610198040344251,0,0.00856661910390755,0,0,0,0,0,0.00869168757328701,0.991306606818665,0
1,0.160309979999345,0.0318985486955351,0.843553561821099,0.545204087149796,0,0,0,0,0.0214421156210311,0.295774052625596,0.0798639967974423
1,0.197857936735532,0.185392632567244,0.233641496867213,0,0,0,0,0,0.409604441891888,0.517993034797115,0
4,0.258629850621608,0.048691117569797,0.240618830793887,0.681625154063614,0,0,0,0,0.0841696784725816,0.141100729790265,0.678086185945749
4,0.415535973255081,0.067165215136476,0.160234821497572,0.395781830740778,0,0,0.235161738003038,0,0.00207090040684225,0.546188054546393,0.772509450759852
3,0.452831836505794,0.0709669480043434,0.307996535408344,0.734663337051154,0.000159170950056723,0,0.00026296913248513,0.974781463401125,0.0766269519820521,0.0324087651191597,0.595111638213617
1,0.357025350537754,0.020607042740585,0.0692040739275785,0.381175005953565,0,0,0,0,0.164564469630187,0.390433781400305,0.904216196441171
1,0.23270740372213,0.573382414677798,0.411742099740947,0.372169529914053,0,0,0,0,0.170161981229094,0.399475325857042,0.0064494328943982
2,0.617281135088445,0.000136087935224619,0.0783777146482986,0.739377419511129,0.962716159766141,1.01701911918106e-05,0,0,0.0751212910460709,0.0825336897666081,0.922934261749722
4,0.889368829906767,0.00438960798114116,0.100179743530116,0.00178579027118555,0,0,0.838462660661865,0,0.223665431344872,0.686220846245034,0.461603730964075
3,0.595998652893092,0,0.0205574484197187,0.769638882405065,0,0,7.1259143916126e-05,0.981256509746029,0.0165850612592604,0.0864378048244258,0.895970037637721
1,0.270896074083754,0.360283618021073,0.60476313951741,0.597938745497701,0,0,0,0,0.0096608761694559,0.284991713385642,0.0371120083605532
4,0.534955612396811,0.00011760436760031,0.116313908795615,0.853541948813555,0.0578223903009468,0.767062947733513,0.0299596660706269,0,0.0113739765455255,0.0184918666258794,0.618931124597945
4,0.561766964097514,0.966982698778918,0.0298723153938416,0.000795235077180457,0.41435714172136,0,6.39107373480092e-06,0,0.00557863375972376,0.976564023708825,9.93786031651214e-07
1,0.72041057065284,0,0.0152966129444347,0,0,0,0,0,0.0209171265080556,0.979082873491944,0.0703186308101798
4,0.461945823414117,1,0,0.853842782561946,0,0,0.983104475002491,0,1.61506285464269e-07,0.020138905136253,0
1,0.0661576159593441,0,0.497234859271415,0,0,0,0,0,0.629884018579215,0.355848749394316,0
1,0.194619531773691,0,0.89983200328922,0.101997793153415,0,0,0,0,0.065053225598993,0.819016914452703,0
4,0.710441638721874,0.67648995091484,0.0898498242185325,0.465280737137577,0.0706319248326778,0.52025959650782,0.187617828528145,0,0.155866671818288,0.268475484037404,0.2091360017482
1,0.584531448129079,0.0377308987761692,0.00525065678210517,0.00636706179282478,0,0,0,0,0.933434105252035,0.0593268067645833,2.35380788600127e-08
1,0.295950625281552,0,0.864817317084447,0.00154292268529905,0,0,0,0,0.214905067569562,0.44653728071953,0.0509300620833796
1,0.612535733306475,0,0.0229954542260996,0,0,0,0,0,0.969969397444647,0.0300272082823669,0.139389068163982
1,0.244363825407158,0.0127950277667084,0.81767643075869,1.15500902255752e-05,0,0,0,0,0.0869574278384632,0.319215180041462,0.080488488757478
1,0.129710794633258,0,0.561443866291813,0,0,0,0,0,0.321231967447271,0.578215487565871,0.00219317667253661
1,0.267769764849626,0,0.568728728435721,0,0,0,0,0,0.054385914981465,0.935151106805289,0.00199892363113584
1,0.507499140327811,0,0.0303474654019871,0,0,0,0,0,0.00377536650972767,0.996216538813164,0
1,0.275196855233673,0,0.542150841335958,0,0,0,0,0,0.615517801003645,0.379537248239379,0.00709753871534181
1,0.291088486564993,0,0.335912045730834,0,0,0,0,0,0.361575438262057,0.428416436504692,0.19420703466933
1,0.0337573552962797,0,0.460704939985503,0,0,0,0,0,0.817240887376655,0.179089930949521,0.0495585150437807
1,0.102765307934194,0.0431336874886279,0.848771380026645,0,0,0,0,0,0.358818698247461,0.353742477678864,0.0209190396202146
1,0.0433339866666079,0,0.792346951363999,0,0,0,0,0,0.612130485567649,0.177980358672729,0.119682157337865
1,0.727744383271866,0,0.0224608185264014,0,0,0,0,0,0.0295305542579979,0.970469158808283,0.0976183682511038
1,0.340566651104697,0,0.548129532402203,0,0,0,0,0,0.353011897669337,0.144092816719356,4.71318792638501e-05
1,0.554881854254763,0,0.00496477716156581,0,0,0,0,0,0.00618340648274232,0.993814620494022,1.53946818221685e-06
1,0.258288718662047,0,0.382156803337375,0,0,0,0,0,0.246245820133025,0.679234179503821,0
4,0.610909140383871,0.00334915024608062,0.0462585362858031,0.775576553898657,0,0,0.512097650736721,0.193426360850299,0.00212821321815312,0.104419229924936,0.919872407048267
1,0.318230402443986,0.0949188157947847,0.585845265363338,0.000483968583701437,0,0,0,0,0.501175484961718,0.469414700233623,0.283672639362903
1,0.125659949473863,0.247958072366911,0.627070251425242,0,0,0,0,0,0.197837622483326,0.577349965784747,0
1,0.384349246670113,0,0.0125514066805536,0,0,0,0,0,0.0646687808394393,0.935331219160561,0
1,0.2972405365217,0.460517447960425,0.284104872089378,0.0280276385104869,0,0,0.11168187051634,0,0.132123445479238,0.431494684359887,0.000100559759543745
1,0.288952413329035,0.350077364707706,0.35593617704891,1.19931566884496e-05,0,0,0,0,0.395837544438812,0.485149340057526,0.266496809316686
4,0.462811467282092,0.836018952759184,0.0293901886462534,0.122375105679062,0.0410407945964189,0.626315228453018,0.268546258104079,0,0.0839417034792873,0.767811042871437,0.115137015346124
1,0.200433812256179,0.0446403502262102,0.730420652714514,0,0,0,0,0,0.106830726428069,0.345261080252474,0
2,0.390243391476915,0.739601439749432,0.213869953419321,0.723823902109793,0.939644375737842,0.00338992626704745,1.13329937899488e-05,0,0.0197982746526256,0.145934342637132,0.028277601415982
1,0.0678050705136316,0,1,0,0,0,0,0,0,1,0
1,0.0491031595562132,0,0.59821071655791,0,0,0,0,0,0.0373518682272997,0.817978973925005,0.169307582323744
4,0.680018410624686,0,0.0100314060237188,0.000930259545823089,0,0,1,0,0.525033480407706,0.472681677002614,0.832878270733903
1,0.336341328341852,0.628377537419243,0.345848844256871,0.00341822429803493,0,0,0,0,0.0214088929706682,0.954947396466252,0
4,0.659141191206489,0.68457297629273,0.121852452202455,0.537410929441501,0.0552806553614362,0.410683981061267,0.426536145024592,0,0.131084140213226,0.194060882215379,0.136066546234353
1,0.586953711492334,0,0.063773038164658,0,0,0,0,0,0.033307585035306,0.966689988611529,1.8816504899587e-05
1,0.397261349987107,0,0.851266746340361,0,0,0,0,0,0.00110027843223691,0.84758567636181,0
1,0.201901276379644,0.000445708800888771,0.887320889131945,0.000547454199520555,0,0,0,0,0.839117261621106,0.124181153129676,0
4,0.280836799661722,0.74492602040669,0.203583492869687,0.0767633957614052,0,0.992314124896011,0,0,0.00643260576284155,0.903192517568411,0.0553964905776491
4,0.499616434193793,0.789593820185533,0.0586289652798038,0.41153993703716,0.000510931451313179,0.0431943717915408,0.480392343524433,0,0.121015153508041,0.41015250912854,0.156514537558798
1,0.0841602772365316,0.242399954117,0.721669770648536,0,0,0,0,0,0.512479915165633,0.487520084834367,0
1,0.324414778779162,0,0.297288175699491,0,0,0,0,0,0.000317311421898332,0.991799817552026,0.701707582130438
1,0.257410648244387,0,0.156519437030889,0,0,0,0,0,0.293105316239905,0.678731037023313,0.681378534736852
1,0.502303697065175,0,0.0795998862326797,0.370712186081442,0,0,0,0,0.518033380327438,0.0503397329903857,0
3,0.540506857506366,0,0.115236497513213,0.782496276014927,1.31186537181282e-05,0,0.024604245255449,0.85694176842216,0.0194109959417337,0.0278068919468997,0.772950316057129
4,0.649364173217745,0.670097043265552,0.0694876717985665,0.509806888072857,0.0627759981322872,0.49580376081147,0.212305287386727,0,0.136224879895544,0.248032220439606,0.237662058293702
4,0.654830162188454,0.690509897865197,0.0852464371473335,0.626634657772655,0.0359332486032282,0.418713074064235,0.421081808694261,0.0260031414138044,0.126796989971108,0.105405462151076,0.17566773328016
4,0.635695890666255,0.00228517577543342,0.14936457795805,0.305842231539812,0.000904215515721858,0.691983490210831,0.070734273713911,0,0.327750194736619,0.184367247413811,0.763742119220058
1,0.0649241286831557,0,0.695543306265106,0,0,0,0,0,0.794563528013498,0.135489581688373,0
4,0.313298152048451,0,0.147398385833353,0.269430623162834,0,0,0.794312996931698,0,0.206721239729184,0.437051281476802,0.000241962752890741
2,0.604552741071836,0.00596333083331306,0.0350666200277641,0.564175905176967,0.637823234327755,0,0.120108862063864,0.140376933539693,0.00977217577859595,0.30364144975562,0.53966616543772
1,0.33753076708985,0.828421337191237,0.0924848900266399,0.0349459690309681,0,0,0.0195806512398933,0,0.111060693077962,0.815633070055668,0.0001560034979115
1,0.504663412281727,0,0.0750270530868695,0,0,0,0,0,0.446007732254427,0.553992267745573,0.924779137071112
4,0.673339633311069,0.632029663988234,0.0932676265217025,0.631318484521314,0.0393830245954346,0.500137159146742,0.388676193840096,0,0.118414854125038,0.107588843579136,0.226791891643355
2,0.509405475322106,0.267570299726513,0.162871332040277,0.82856749293455,0.506536880964149,0,0.440274414707046,0,0.0408058519372893,0.00793349085433946,0.452521931970634
2,0.551586252263199,0.0200684229985328,0.0716108222839557,0.78373904463411,0.83890923034102,0,0.0618517874631516,0,0.0125315457623156,0.0427631058863512,0.889248631271598
4,0.650876951268689,0.260107509788679,0.108921385016349,0.628949689819456,2.69795025862489e-06,0,0.960316541309053,0,0.00886296128205612,0.124433024892851,0.583396648221086
1,0.180649146784974,0,0.957121133628632,0,0,0,0,0,0.0613200780666292,0.851777326698034,0
1,0.314845620926959,0.172654264760825,0.318009094312618,0.096856563380985,0,0,0,0,0.749806410582917,0.0499588531496366,0.00019225413378427
1,0.381964209808571,0.708554670259017,0.291458405703407,0.0341124437115612,0,0,0,0,0.543952292275984,0.412423647371191,1.5195441465923e-06
4,0.630840443563452,0.190475081329577,0.00912903302111103,0.767174260283024,0,0,0.664346742282536,0,0.03752246383048,0.0880331961504495,0.799379382720652
1,0.661016165392607,6.07076403225112e-05,0.312923871427375,0.000499385936940139,0,0,0,0,0.326414704578565,0.673016611716957,0.633610439842921
1,0.17203101240359,0.0120758365602275,0.554621227103211,0.786316674684979,0,0,0,0,0.048607478988472,0.012720842384178,0.408046418343427
4,0.426963829818047,0,0.12186847701916,0.705117567092146,0,0,0.859473827840202,0,0.00556672352713941,0.192505833889444,0.870456346355367
4,0.528576822932087,0.718446214181684,0.0819889643857923,0.766390407387204,0.041704904237328,0.368985690073021,0.453361495001119,0,0.0132604183760786,0.0922016509485778,0.140373582544782
2,0.40226828514158,0.858277604578032,0.140969858085771,0.350396128706351,0.800303105225477,0,0.000544452348447398,0,0.256781202351209,0.325406375183083,0.00359798471880443
1,0.473609551496479,0.700859532544728,0.0920200741720549,0.00770777373392789,0,0,0.0295152086574393,0,0.270861733171181,0.685028546362498,0.00307038900465455
4,0.483930586996825,0.720428142838794,0.0903201167526046,0.73902320610127,0.063880283061266,0.515018900129118,0.32259264104658,0,0.00808530945360485,0.144569174191583,0.182482100160961
1,0.203667053858084,0.0826075356263606,0.574925253573673,0.642893815107801,0,0,0,0,0.235712270992711,0.0300394986816537,1.41174555228806e-05
4,0.399664871306514,0.864000829466065,0.109731439490502,0.706681352251118,0.0363317512619403,0.291716883941251,0.49864805731151,0,0.0095420697300292,0.168107078196919,0.0135980119750189
4,0.50483363473169,0.73006556036369,0.0873743689393272,0.800724376627502,0.0360683836145564,0.364659018128844,0.466626926088569,0,0.00553000661494076,0.0662823291191049,0.166906106697689
1,0.37036686569268,0,0.440424223759311,0,0,0,0,0,0.597983871963234,0.390381952062544,0.0137457612087726
4,0.82675027614635,0.000830858800512447,0.0232193440106676,0.217372407631416,0,0.0013450862725903,0.204484843175238,0,0.535256054361328,0.190129463298983,0.235439537474577
1,0.0137789570240741,0,0.644584755570531,0,0,0,0,0,0.823069550164891,0.166777075214394,0
1,0.199585840690216,0,0.475221413204317,0,0,0,0,0,0.215103389733617,0.782220158490297,0
4,0.48046125147248,0.00808794992341217,0.135124807865044,0.842517509540472,0.00662177024728484,0.679477399845499,0.236159834198631,0,0.0307036411787586,0.00950594297569765,0.838418259786496
1,0.390744780639446,0,0.426896389448762,0,0,0,0,0,0.590345169867288,0.115732436438591,0.386854836675925
1,0.0746318933830111,0,0.328866825861952,0,0,0,0,0,0.390500020803712,0.603219410293677,0.000519164694803568
4,0.244884237246995,0,0.614645111286503,0.628361834815226,0.00172581813186501,0.992158939712968,0,0,0.0025750079816076,0.131698723252117,0.368595894267316
2,0.546163022011332,0.0148302712454387,0.0338398418495078,0.837467057663251,0.890785044438347,0.00228750827246101,0,0,0.0322357760281891,0.015101406612266,0.934100966990326
4,0.772697642169048,0.723138020649698,0.0674263174452617,0.468876971894409,0.0607868688918215,0.460734276269849,0.244155585578145,0,0.18089816681023,0.249638708323648,0.185885660106058
1,0.883586568732058,3.80385259854373e-05,0.000551026871832126,0,0,0,0,0,0.964889531425745,0.0348810350228527,0.00147051157141003
3,0.568197983927428,0.0557610715805013,0.0240433605504725,0.765359388572655,0,0,0,0.992741019258256,0.0191646353170845,0.0441073153958143,0.897974855537849
4,0.583797130631445,0.758124053139875,0.210311019919286,0.266327816543851,0.112245191732663,0.0903014589663369,0.370743214227536,0,0.462287360949584,0.220919306855417,0.00311397113671988
1,0.36036656612923,0.023784332217672,0.911522447119518,0.000171699367020914,0,0,0,0,0.00237208192880246,0.977656181920605,0.0630956973995061
1,0.487926848041077,0.375339786118704,0.34279509081136,0.119619653790628,0.0122178811829961,0.00326489120320497,0.112619420043361,0,0.122832105301167,0.444497096320296,0.254511978030772
4,0.3171723892494,0.611260077623299,0,0.331653845504577,0,0.0859797058548752,0.100499632412403,0,0.174486263213359,0.403144958584215,0.395084423453619
2,0.337429346347579,0.503016947845187,0.139993052981955,0.539568510194211,0.888491038801139,0,0,0,0.0110618466002341,0.35824316802095,0.337947671894478
4,0.50201002785269,0.547410550450242,0.0553105263936572,0.304452472895287,0,0,0.314824319598126,0,0.0264770929105817,0.627394134592023,0.362426521326241
2,0.342752886734335,0.360387558798852,0.251772919976655,0.413933695333778,0.824383788648265,0,0.0264792940145096,0,0.145332541917522,0.380654669618637,0.360355590591037
3,0.570280790311264,0.0774447828609967,0.0409552503110518,0.78901462671262,0,0,0.00560124445615718,0.975425099040869,0.090643096611005,0.00641595009005129,0.867618868425781
4,0.478688935551914,0.552689606176223,0.0605037970476474,0.705493727653464,0.0600385140665844,0.842017152683641,0.0585293505494182,0,0.0804739729142226,0.0953283624971687,0.379945202652553
4,0.477114131757137,0.684416484544,0.156686345351508,0.425278380620945,0.000435217235144383,0.00377411734282619,0.210074071720209,0,0.0863382740000212,0.380650419662484,0.160495798696134
4,0.573180975610455,0.504630153099515,0.0386083472844924,0.420283561129369,0.00824033726962764,0,0.0381405324696407,0,0.0238857357816355,0.493170598922138,0.440773239007728
1,0.297909297983314,0.012364447816571,0.589293700267663,0,0,0,0,0,0.00937778682297809,0.989373327906213,0.000313362404506542
4,0.677918911452967,0.751499669983038,0.112010778482935,0.581084540165666,0.0348313518159106,0.415630980542019,0.412548999329955,0,0.154414532792471,0.115504673436612,0.127381010670021
4,0.438071772351317,0.506334645987425,0.264009458259483,0.742030001641212,0.244382762092671,0,0.701523819730163,0.041130701898501,0.0554631242445367,0.0429645124104022,0.201578748984152
4,0.620891779653996,0,0.00034700544144616,0.876770497765678,0,0,0.501692652214896,0,0.000166029804359718,0.00300142360702946,1
1,0.163075101497313,0,0.376071122923204,0.11329295665456,0,0,0,0,0.0871178674692239,0.708591403155566,0
4,0.607500906364898,0.376821767601777,0.0725490359946654,0.410820166140931,9.77730530196074e-07,4.62620260148421e-05,0.883992205505738,0,0.116371979160339,0.416191290164525,0.557586077533164
4,0.455388300481309,0.872207968985652,0.125454251737602,0.48347171288703,0.0589578678850025,0.137286944917797,0.733276878667314,0,0.369531531724186,0.0552193110327723,0.0061337078163698
4,0.588342329790685,0.0679231277303205,0.0063710493297079,0.0932528779456378,0,0.000635103747500173,0.719716793305424,0,0.000947225773735855,0.892519776015439,0.800870081301113
4,0.638859773737486,0.217280744745078,0.00569121635352866,0.857122944325987,0,0,0.578793227579518,0,0.0132372531443123,0.0086609092578936,0.777961851756377
4,0.663037378952105,0.709717914380064,0.0813650715772201,0.456453282239002,0.0738085779375036,0.48378824332864,0.187980426047345,0,0.158009641566707,0.27952618801753,0.189825465044497
2,0.760850748653263,0.00993134751601067,0.136058789788971,0.411419239087934,0.441824545053549,0.416019481117142,0.0235744410129985,3.21840074588285e-07,0.153518753350172,0.249689209496959,0.821265204000608
3,0.360471969021428,0.0155165215406441,0.263991491051487,0.474060259771887,0.000167037910259459,0,0,0.989534904889914,0.00834892744978843,0.0897976769606065,0.687353852221952
2,0.34865636953797,0.657603763649877,0.309971990611768,0.654908000633495,0.921496867610171,0,0,0,0.0122496692275876,0.211695097728123,0.0218684997404616
1,0.675998250619431,4.07838532470477e-08,0.953577713479584,0.0158728717918629,0,0,0,0,0.010399953624897,0.0541718366153677,0.024440649117326
4,0.451771763895622,0.588606971873996,0.103725746784212,0.757267923318264,0.0246070451621834,0.236603866638862,0.369004178150319,0.103940855955443,0.0145194531510917,0.11338531747004,0.30148356867645
4,0.4909377874556,0.776937121809148,0.0955446002084416,0.460057179477592,0.00170578265938151,0.00161092387955581,0.217095355066748,0,0.0698614224594417,0.405665170597432,0.132871670327003
4,0.73767381151096,0.842579073255263,0.0208208709102677,0.0498425266850756,0,0,0.00104769883618109,0,0.350375492883709,0.585479431782847,0.0210785663221422
1,0.14135716804473,0.00908667022140344,0.90276377156112,0.734291819313967,0,0,0,0,0.0499935318903885,0.0465234432459895,0.0595520391742894
4,0.442606888055664,0.184279025209424,0.16737147646004,0.605712644678052,0.137551985873495,0.0184909481029386,0.628225947496252,0,0.0353874477499904,0.275481697055052,0.619025466030706
1,0.115297110613255,0,0.689780808129317,0,0,0,0,0,0.293422086372748,0.651363336982115,0
1,0.35804518621111,0.126276510528557,0.839797874155907,0.142036388376575,0,0,0,0,0.00840079219872341,0.770752298602412,0.0234135636404572
1,0.221979187094723,0.472826584128602,0.507556437774021,1.75695564050212e-06,0,0,0,0,0.181665373903094,0.640270889716527,0.00121210707224258
2,0.645388747985094,0.00231842011236083,0.049630375754655,0.258797649872496,0.491814478673783,0.0010193408105873,0.309478310491923,0.132405558947154,0.374166337796646,0.0575828418216387,0.729656616135463
1,0.694916436636328,0.00112068096501211,0.000336829499448642,0.00127121856535158,0,0,0,0,0.998552638462323,2.49367186482052e-06,0
1,0.486102109145286,0.0616364319301686,0.486977080403241,0.0521124188054107,0.000219717151822079,0.00743921775992193,0.737383377192755,0,0.55298686360125,0.172150979597371,0.1640184613469
3,0.491615207744777,0,0.0442148121715046,0.66651126169273,0,0,0,0.909491578176596,0.0188305124891618,0.378710627251278,0.838368732245129
1,0.248137076578318,0.0831635816049567,0.44409617078282,0.0293931752320626,0,0,0,0,0.578444152111159,0.293114490426957,0.457740943000463
4,0.691673779409185,0.69513196050436,0.0696022905095207,0.512836320585338,0.0658874253717097,0.511068645782392,0.225836230260676,0,0.151783611056973,0.232572554162231,0.212005130100604
4,0.466608977302917,0.00246548927179725,0.156549389199925,0.362381719991908,1.31423169892016e-05,0,0.0619790840013864,0,0.0104953470698152,0.576291844136848,0.83939176985867
4,0.758619203624573,0.0912583700749829,0.198741735598442,0.680211153986915,3.20160200695824e-05,7.10196571618249e-05,0.629504550843927,0.16387247485904,0.198973574660047,0.0207066633905473,0.149572725415754
4,0.606354113544473,0.718842570650408,0.0823030312599686,0.404484739233058,0.423062044416701,0.264259980919294,0.236338235952593,0,0.433482014881515,0.0736750301056578,0.150597959396491
3,0.309520394701309,0.0812220958437223,0.377555860491361,0.660259419429861,0,0,0,1,0.177759958989044,0.0916550556935694,0.540757043910742
1,0.234995402603489,0.585100142744972,0.405893979706301,0.438076853515852,0,0,0,0,0.00370503962939138,0.493727912960918,0.000649967633945238
1,0.285700812192685,0.0979196692426829,0.867239942482436,0.319204797475261,0,0,0,0,0.201892643528609,0.301564270855435,0
4,0.59932318289582,0.570000168982487,0.0254478708842193,0.304031896341897,3.64772474599986e-06,0,0.858889525119211,0,0.0248054157945567,0.629558757604597,0.397753581858559
3,0.572851797716316,0.00466262689647738,0.029616739387787,0.633691297272874,0.000589401010830907,0,1.61089545143232e-05,0.96152871477255,0.0140632886379326,0.0765786611539115,0.918321863388225
1,0.182235141879642,0,0.44685407887121,0.263356232421273,0,0,0,0,0.00539663567285771,0.538463535348532,0.465554750709125
1,0.192351995585625,0,0.260878836091656,0.0090015083423458,0,0,0,0,0.461040797780466,0.431564446530774,0.00250151519032971
1,0.521169751596375,0.429704516662652,0.168833028949755,0.0549860972346093,0.00119934673810208,0,0.197436136863238,0,0.0917862180343025,0.845472418104713,0.40013604839811
1,0.0892505386312196,0,0.107044123774579,0.449430398075257,0,0,0,0,0.315922511112618,0.172674626447054,0.556825788086115
1,0.246660405490742,0.741055190717393,0.267007696768784,0.00425132211727511,0,0,0,0,0.00434812421406872,0.990608550382963,0
4,0.690791436688743,0.0773187438154661,0.0192040352420814,0.0032690548627061,0,0,0.994099568365911,0,0.273679623769531,0.722489265899377,0.0547847309496505
1,0.37823648497622,0.00528138872344668,0.252165923503119,0,0,0,0,0,0.0455502215845665,0.0882182266921403,0.695637011239995
1,0.140408341990835,0,0.987376476605721,0,0,0,0,0,0.820845810977646,0.0233350249482329,0
4,0.409534808370214,0.0454412830905357,0.10080406353064,0.824995330543104,0,0,0.812888868816865,0,0.0017884445623416,0.0595672463124404,0.848013929259251
4,0.515570374416167,0.483779136903975,0.0818732162183564,0.172365080592745,0.551418417134853,0.0467629220483658,0.291613030604012,0,0.510532419165151,0.203233135205587,0.151356294504657
1,0.276852511304786,0,0.158233354362713,0,0,0,0,0,0.695939435760787,0.0430399281893043,0
4,0.433000362035971,0.332386326659126,0.0665462382230116,0.736860615294726,0.00681671286217669,0.00579509636218957,0.141038935379333,0,0.0318277276572628,0.129854938714581,0.597494743092228
4,0.677401715835623,0.657888747750087,0.111870180204474,0.573427085620899,0.0455853842700065,0.510275487679426,0.355302803040824,0,0.16549676098337,0.111085487431209,0.141532106249183
4,0.52564395028058,0.0040715492962461,0.0853365418931508,0.559297619261881,0.00720990082060264,0.851053019693966,0.0217547703431207,0,0.345037983209796,0.0129579239556531,0.817017108674686
4,0.687200959294099,0.674006646645295,0.0622178849099149,0.42833071089752,0.070121517093902,0.388339844349047,0.20219331449035,0,0.171051201712887,0.310969776490829,0.200105621683832
4,0.547147472601944,0.617069922879659,0.0380893054787327,0.709704841134744,0.100152141528697,0.363602972034741,0.415484430123526,0.00105034389848004,0.00877726150955941,0.172881256722227,0.337561669358756
4,0.488449528485214,0.791599487403163,0.0540390189317832,0.00703664727393702,0,0,0.994247286785834,0,0.0664729693371337,0.925529221245222,0.106685586826544
4,0.548242752026412,0.96681209381468,0.0278065785406173,0.243090255867519,0.00273233663716436,0.0414993295115278,0.299411908984767,0,0.0816834610201475,0.635866991986879,0.00550061153892617
4,0.660757480639379,0.411079687201274,0.022966861491916,0.506998652780572,3.32011450791807e-05,0.00318730722916326,0.327289389156233,0,0.046372767489019,0.376548286513225,0.455354604413269
1,0.189886381462958,0,0.91385302582476,0,0,0,0,0,0.0449958122828125,0.954879237181981,0
4,0.429873420015914,0.0839893204148574,0.10042513005487,0.504880966966838,0.000576572883704595,0.00216596413302454,0.562151722835458,0,0.0400269116745859,0.383661447895057,0.640018573946294
4,0.714840973130787,0.422857605768978,0.0482440287483841,0.438375969501579,0,0,0.708193782387351,0,0.107437033734893,0.388106863394246,0.435118760445957
2,0.587279251230662,0.831330216219419,0.0715073477073734,0.548464882451062,0.902486248959659,0.0364900883563411,0.0105440210693167,0,0.347197472513572,0.016879870378062,0.00331634195688222
1,0.36414690315699,0.924964914731428,0.0550034696699435,0.000576519006029327,0,0,0,0,0.00600714011853065,0.986948639477243,0
4,0.464212539889699,0.007586714168235,0.342710624438155,0.723958288029625,0.0211344844372128,0.91353203243144,0.00118048545793794,0,0.0027096745513183,0.174324066513355,0.605659674554951
2,0.47312795245736,0.649539131920362,0.244385440902852,0.831874799489204,0.523967632595159,0,0.0638548318929147,0.0780430902772844,0.0102767205915074,0.0722998380864687,0.074267504781199
4,0.531920448969347,0.50655103428401,0.147299940105708,0.620631302038079,0.256403515563927,0.103489323391215,0.466987299811419,0,0.0766523183927809,0.133665921794501,0.260271876763326
4,0.323246815246752,0,0.212130784910089,0.760597330407053,0,0,0,0,0.00823808055108018,0.125905210357634,0.476481782190817
2,0.293957058933182,0.544553080454244,0.232694731390663,0.606847242432431,0.62581883029051,0,0,0,0.00990587361057602,0.26411365294345,0.219252428572139
1,0.434541469492089,0,0.0367188684948485,0,0,0,0,0,0.995996422920739,0.00113578173349921,0.248407778493752
4,0.371177645888743,0.0906496663496147,0.0435492825642156,0.618641721918373,1.07291840513172e-05,0,0.323367739273301,0,0.00186056507227175,0.29479281887238,0.846644763879535
1,0.215361745865376,0,0.592607159835808,0,0,0,0,0,0.00392116804088836,0.988191492324602,0.162683611235182
4,0.390025652157621,0.662964965738737,0.322935464674633,0.492120888061215,0,0,0.988186467091382,0,0.250006758960868,0.172091092239905,0.00438941342305726
2,0.475583150504533,0.00236780108142834,0.0610617781464253,0.788875345585126,0.806220572977931,0,0.110612215176656,0.0410629061819765,0.0266693314804471,0.0727660366796784,0.91964377017916
1,0.0825674252597183,0,0.249877084158784,0.0257685440606988,0,0,0,0,0.417590036069763,0.551661937717804,0
1,0.275977477315286,0,0.96971227613182,0,0,0,0,0,0.139335328670652,0.860664671329348,0
4,0.425205067330751,0.486773839304759,0.474290800925406,0.30338083441594,0.00552609596170417,0.120294962757127,0.463265937379768,0,0.189617725757676,0.370968484053471,1.3432023786458e-05
1,0.117997372569665,0,0.829266550982955,0,0,0,0,0,0.845803330040312,0.00211444699907602,0.172030505038252
2,0.421801800388382,0.00436027741890728,0.0522861741108028,0.832447688123507,0.953313108438672,0,0,0,0.0250474637198743,0.0274162440757994,0.90004915721969
1,0.391918352937331,0.0150887250767715,0.947623742987217,0.216434466865212,0.688624787118099,0,0,0,0.541146961077262,0.14074605603289,0
3,0.62297491404928,0,0.0601455990769644,0.792289352568956,0,0,4.63774781495749e-05,0.941986671714527,0.0115337974894509,0.0553363677729809,0.843496617710338
1,0.150829894177308,0,0.300185676072143,0,0,0,0,0,0.507675996693521,0.44125137440497,0
1,0.202894170234257,0,0.779563568199291,0,0,0,0,0,0.511394928866839,0.449567591788265,0
3,0.419681130445217,0,0.0473993361900233,0.747253996163289,0.0721504220951177,0,0.101200618752894,0.765914867627519,0.0131261939259562,0.0409668975226887,0.900584930276408
4,0.539795775327088,0.388266935597158,0.0294432382816265,0.438788582601559,3.35787720705144e-05,0.000563992773588109,0.756560470723315,0,0.0123023800417445,0.488940105651669,0.582249115063701
1,0.660937845546504,0.0022834784159683,0.922210581348155,0.0937702136069065,0.000540996862805368,0,0,0,0.0932928774350204,0.797475440311362,0.00366338280209987
2,0.607009742129432,0.00858583055896093,0.0764472102713147,0.736088572176625,0.547193635116892,0.0310906499478114,0.0903958174809729,0.112802302184326,0.0231438779820589,0.102612134198844,0.797566885883099
1,0.207662474541214,0,0.383666477081797,0,0,0,0,0,0.7250962220861,0.273471695156751,0.048743142849174
3,0.548581643812561,0.0443692448296545,0.0377866889701415,0.825929762718935,0,0,0.00027361961225018,0.995577747080529,0.00611743249764264,0.037931082631723,0.899570006368097
1,0.678776458963931,0,0.0272717162936304,0.00570246356896734,0,0,0.0281453514749169,0,0.00424621513796616,0.979388160770824,0.980108546422887
1,0.3287929973512,0,0.116669196537266,0.0401319073993285,0,0,0,0,0.562814456348242,0.366588343049537,0
1,0.309442211484831,0.827170070190968,0.108878540104089,0.00720835611226571,0,0,0,0,0.0528029507390968,0.887354513874326,2.21072569212429e-05
4,0.618679364969283,0.931532267212568,0.0783490589711383,0.236641398702505,0,0,0.35645647901768,0,0.0853801008255333,0.645616854659072,0.00131098521408347
1,0.312613237431566,0,0.498727215732826,0,0,0,0,0,0.834296460018523,0.00840808731433135,0.254053611528471
1,0.173254653929636,0,0.976458189311546,0,0,0,0,0,0.729119283122655,0.186463521404298,0
4,0.234418450291879,0.0308513273821087,0.79525174137238,0.874252994725567,0,0,0.985443057825161,0,0.00143696940081372,0.00295624032885502,0.172421228375751
1,0.625281046466512,0.261060915999158,0.423488847334271,0.00377552117800331,0,0,0,0,0.51529693892378,0.0358496774761724,0.208691160329416
1,0.446935675397069,0.173841638067845,0.0523219661216099,0.0018845811853916,0,0,0.0302629025310404,0,0.499483250211885,0.477503460456806,0.357287060013407
1,0.296348399598296,0,0.829506818794988,0,0,0,0,0,0.588540875950945,0.226328064833722,0
1,0.409958008215676,0.290151224492904,0.612137350948044,0.01526605990954,0,0,1,0,0.4309676614563,0.0972391421918631,0
1,0.102201641960805,0,0.207106588039975,0,0,0,0,0,1,0,0
1,0.475538713235358,0,0.962971541691541,0,0,0,0,0,0.879000001268239,0.120993427543712,0.00383602984029936
1,0.358643678581719,0,0.844508550521855,0,0,0,0,0,0.0734208577556605,0.918874526649559,0
1,0.0406301675926218,0,0.482371762444355,0.209947806395164,0,0,0,0,0.700887177669792,0.057619096244061,0.00264540077290811
2,0.611046240395532,0.130382912948703,0.108621575459886,0.406392909464802,0.77053291926715,0.0886250391635115,0,0,0.161823868731182,0.337746594772349,0.00407769693088308
1,0.0947074508515659,0,0.713106604028077,0.537727938138201,0,0,0,0,0.1853096015365,0.109557621388247,0
4,0.504341829258432,0,0.0122175829635123,0.837625749547186,0,0,0.80089711320357,0.179312209189418,0.000301247523689968,0.0895558630121239,0.88094807995144
1,0.295341480386091,0.72903100063297,0.190658716351099,0.0311434977152493,0,0,0,0,0.163005794621282,0.778926588998519,0
3,0.48978296597031,0.0261474977398815,0.180092526225767,0.588510980065576,0,0,0,0.92437899070467,0.00481730047128261,0.398777745213062,0.777724771117805
1,0.127219835861264,0,0.988902156039551,0,0,0,0,0,0.654692154610717,0.230922983552753,0
4,0.862819733312876,0.789158011992878,0.0396238604398006,0.226238039744873,0.0019383823733893,0.873786850204986,0.0304480916280082,0,0.290542764705155,0.438971573560775,0.0289578762555843
1,0.315080627665542,0,0.926270678335182,0,0,0,0,0,0.912199685293897,0.0508148227016228,0
1,0.325014840143048,0,0.965516612197264,0,0,0,0,0,0.507475013958397,0.481720944544513,0
3,0.501475197465466,0.267533207852762,0.189726727286768,0.811074960548222,0,0,0.199947313704863,0.729197527511816,0.0138394098982598,0.0290486587836859,0.524134739269033
4,0.522567832298359,0.112813360008226,0.226206171370233,0.69813517467674,0,0,0,0.119037248873584,0.115192004474582,0.18141505534833,0.554369388376605
4,0.455215744914692,0.282564911724246,0.0890983651889593,0.235355345192801,0.0101604840170446,0.042532126119381,0.631356252243075,0,0.0154489027156624,0.697222316092004,0.633234977548455
1,0.384272753480886,0.0290784168844696,0.0881877409894447,0.0393041938489493,0.0191843735354588,0.000349698324661803,0.0816263099929635,0,0.0172008846451325,0.893481579916598,0.807471601463964
1,0.222765815650804,0,0.996891889777273,0,0,0,0,0,0.118470168510605,0.880669944105043,0
2,0.359720510871325,0.814239934935326,0.112392090274164,0.138362428322927,0.913353843893248,0,0.0745001984652424,0,0.0357915167784183,0.784464365936395,0.00649729774707107
4,0.923886783493329,0.563904743764054,0.0993167515827935,0.557047521801516,0.0502947346850923,0.674268998315108,0.183000759237001,0,0.0825583091437546,0.227262714344264,0.261161545520477
3,0.426959470377686,0.876842417797674,0.0826757393894009,0.9104704538982,0,0,0.125408147512371,0.873492063819465,0.0201882984155097,9.46787774881334e-06,3.07868271483767e-05
3,0.31699050169487,0,0.360041316974826,0.146723069164284,0,0,0.0830492508192622,0.778854752462475,0.0805202218273791,0.824413613467047,0.543181607830646
4,0.280313916070247,0.601565011371437,0.397840493785656,0.285642074328515,0,1,0,0,0.674369908260488,0.000110613207210598,0.00792975105909514
3,0.463117011413314,0.0188187992440701,0.0416840806740384,0.812343935945718,0,0,0,0.283244024713729,0.0022479561652207,0.0575864527713939,0.924220457160729
4,0.288184842856531,0.420220403084203,0.0284420925090463,0.513851502778487,0,0,0,0,0.0143405739539399,0.401078240716974,0.539245358136154
4,0.463712383009817,0.268390779123246,0.0935143314087813,0.330669097918336,0,6.01455191052234e-05,9.09948728311352e-06,0,0.105095234162432,0.478309777142347,0.606790661053932
1,0.269392457695991,0.00373279327607381,0.893486029787248,0.068525969621148,0,0,0,0,0.485704468791764,0.425719153329621,0.0587493880613955
1,0.33490114111568,0.817297850829103,0.121167194404773,3.6642748296489e-05,0,0,0,0,0.188594654112605,0.77834551903656,0
1,0.249185761187013,0,0.862958508786507,0,0,0,0,0,0.276527543713197,0.72303694236894,0.0118355017426356
4,0.537026835403199,0.873711302679769,0.0354781881162844,0.219137868185956,0.0141508916576346,0.0220674838141691,0.440286316931266,0,0.0948696571875783,0.654694076575821,0.087258775104767
1,0.17384832356654,0,0.99598303802702,0,0,0,0,0,0.0070634158529912,0.992936584147009,0
4,0.405168645794813,0.901797429276352,0.0749049383323979,0.405860083169604,0.222657933935292,0,0.654887067918255,0,0.160792004353385,0.357116487409797,0.00436382290788356
2,0.507606725207416,0.00343488294470267,0.0467085548489412,0.836108629359892,0.824803313950529,0,0,0,0.0377568707649869,0.0119244525930346,0.944651897119459
1,0.294834243413024,0,0.763598334904616,0.00724336220513149,0,0,0,0,0.725674941338434,0.264071727415424,0
1,0.390495090893696,0,0.944992941688014,0.00692316227154978,0,0,0,0,0.418465568193183,0.129569229244854,0
1,0.18045212342887,0,0.937605012257168,0,0,0,0,0,0.869901591319968,0.128247010688572,0
1,0.390656728083118,0.110961334727071,0.868076584757319,0,0,0,0,0,0.813346254229761,0.174130047813299,0.00398954330679727
1,0.24230383231008,0,0.980786493047337,0,0,0,0,0,0.721752909776978,0.233455760458569,0
3,0.477040205325938,0.0400352688811263,0.0533520939491323,0.835411258322182,0,0,0,0.978332963919424,0.0102973503631913,0.00585328411347767,0.882382621266669
2,0.331364882206154,0.343563945739182,0.119896476533223,0.0795178408094084,1,0,0,0,0.0248173249259167,0.781647183562748,0
4,0.542817194906842,0.135001026173895,0.0289555388006008,0.495454059435511,9.57362367228746e-06,0.00263293450530008,0.845852113207957,0,0.0348779283881064,0.401498777682635,0.601273443307159
4,0.433711833552198,0,0.126202641038955,0.726118994503373,0,0,0,0,0.0392433560137349,0.0127609044679445,0.832306556275607
1,0.280686892306743,0.00428141804231431,0.964336947357946,0.260475974733963,0.255176397139397,0,0,0,0.0193826644120525,0.659819712014498,0
1,0.452677464596424,0,0.976640047030259,0,0,0,0,0,0.904479055345399,0.000586618858950574,0.000503638545015559
4,0.831451190715133,0.690062144985198,0.036614249162681,0.630758423475321,0.0584794343378638,0.599086586377613,0.2785123285141,0,0.0788946080037916,0.184449125513535,0.132247320197359
4,0.969375113951364,0.276985402961233,0.0614521103791724,0.164454052731129,0.0167575798348194,0.294579312332162,0.245326742110089,0,0.599079535730759,0.173764813609605,0.173978664416422
4,0.964363896284729,0.188394989036141,0.0587760303472781,0.152838805947836,0.0377056342553964,0.323843959706607,0.333175142863182,0,0.533414267997503,0.200582759184464,0.183304415483376
4,0.899985360020082,0.0743400238715494,0.0594820066272604,0.0869063231544412,0.00482880140381679,0,0.287936375087132,0,0.568467627753978,0.28764960816921,0.303861539131116
4,0.706002930944544,0.74483966964791,0.0390858524256666,0.736969507218166,0.0454702225886457,0.490082435647764,0.389745603150178,0,0.0334529055022553,0.117452398565577,0.209805700312379
4,0.708912372445092,0.708746056631181,0.0337252149711781,0.742111056325067,0.0367586738683376,0.478717130391274,0.423786579142275,0,0.0364643523741805,0.111932517053506,0.231620918875911
4,0.803670598413217,5.02423925013155e-06,0.0349658475889917,0.429259937294643,0,0.697290992884294,0.063271371833979,0,0.212295487912588,0.299811117891864,0.0748326715444875
4,0.854615424529689,0.182067661237964,0.0109995862724083,0.159323709847824,0.0224615901719414,0.396130350281294,0.388653000876409,0.0100907450026798,0.766812608755451,0.0404461441601958,0.0658728984833558
4,0.813756580080915,0.297225306683095,0.0415490151129113,0.210272948138083,0.018736002369689,0.388884664521574,0.423336770382524,0,0.381569940153172,0.317771042677372,0.293563465402376
4,0.756456879974491,0.436953087963999,0.0701599736664588,0.354538217852016,0.047428394862802,0.488126750337709,0.3760909941971,6.14554191344336e-06,0.206080038501002,0.338029505994885,0.240369857954046
4,0.644012819847002,0.814477785211756,0.0350468580532793,0.661433770011369,0.0455691903653836,0.464049153369386,0.412154640620048,0,0.00954694553880078,0.227288808544917,0.146476400750359
4,0.724428354015189,0.712673435471219,0.0323322244196921,0.708739143534611,0.0450566741373215,0.506082296829706,0.367418415379,0,0.040333816223983,0.146772340655181,0.231659200081193
4,0.51955850394013,0.820971878910698,0.127844702581642,0.436132189587412,0.00897822690929028,0.0280284476645149,0.823033011012303,0,0.0776772397966678,0.403774591886309,0.00124814604115178
4,0.678874233299346,0.797068757224638,0.0398384502585903,0.386963055820714,0.000265712654090001,0.0172439215899247,0.746699922583502,0,0.0262828726329297,0.530339626878759,0.156465675452753
4,0.531198376806997,0.841639383942573,0.0990405675893056,0.632952196570716,0.0316900283449418,0.0564074377670952,0.789211865248219,0,0.0709406687503803,0.19258028683975,0.0459296297074496
4,0.580293809714152,0.858472009765988,0.042816765191925,0.550682338059415,0.0817103097605935,0.271568157633688,0.342649763337461,0,0.0185323676624003,0.318060153340371,0.0966340267281248
4,0.738733698251143,0.166871035267491,0.0068544109722411,0.0375571231745155,0.00266326444044263,0.74714719718571,0.0994846259861303,0,0.00682915381580204,0.948479307390628,0.518074282934284
4,0.595587350094008,0.165373339579276,0.0589625517491832,0.573896584596254,0.203212732845389,4.20984235198522e-05,0.724392396688917,0,0.0103913918876739,0.334931521104851,0.766106080705487
4,0.494141969335908,0.844642330749316,0.0714570419544406,0.0859660724519618,0.283941619522009,0.00195141085994527,0.126047416028777,0,0.228146315308581,0.651001916122398,0.0317095367506871
4,0.571237629671341,0.281359288683719,0.0562149442694562,0.681401887958308,0.269053703282818,0.0590256214382437,0.432718184671506,0,0.0130152713377231,0.197034756355311,0.657351902609387
4,0.646797860646409,0.687319671156042,0.0790910499319711,0.38261098171373,0.0924510232894836,0.0788544908259104,0.625629028038557,0,0.1027338780093,0.419674008065363,0.231212478198889
3,0.597807564864341,0.618369045464703,0.0935856962069093,0.161825785758152,0.00148187735590562,0,0.212015432104827,0.573175448431481,0.0386987548716855,0.251404722445699,0.226274731468617
4,0.911104956062465,0.076568274979253,0.0405075074866671,0.0850063939041775,9.30311040585471e-07,0,0.305781637576806,0,0.81145460719696,0.0671981511778691,0.113340117446685
4,1,0.452205853033061,0.152669920455924,0.402314546837139,0.0355665748163414,0.535849202229086,0.245321497981739,0,0.157543548238674,0.289663427824415,0.309114966206086
4,0.831003603047252,0.421829846338241,0.153133250347856,0.0546498601937275,0.00311540859491568,0.0402379176836178,0.272536845658514,0,0.671331117189073,0.0797553863390733,0.0263779684210268
4,0.468016311689973,0.395177228989168,0.437072903353823,0.136500526172631,0.072559279177966,0.00137267196448893,0.849791708956895,0,0.00619862707117368,0.47398531694508,0.16743435731136
1,0.524842176200209,0.0946103249162728,0.873529517474338,0.448675524375964,0,0,0.190881725025745,0,0.23642881361533,0.241693448833077,0.0269126937616963
1,0.41848189633966,0.0129673644623805,0.545121548158556,0.270683044720141,0,0,0.516903659472945,0,0.00158262255127849,0.408503963764077,0.410539763175886
4,0.63548090459451,0.791800893927566,0.081243750520953,0.482987493373068,0.0856388969316774,0.851568929224002,0.0299970816366465,0,0.159954417861027,0.247984128082186,0.115515231754604
4,0.696070714875826,0.588589331098724,0.056979049359921,0.403032828073973,0.00831783718340326,0.124225534085822,0.764249382432279,0,0.122864510621972,0.410092729417235,0.233182156646109
4,0.467420334658739,0.136254085649892,0.0804779959133705,0.651290661213722,0,0,0.415559450386923,0,0.000595725186014551,0.258430253376994,0.787990422914474
4,0.654434354384579,0.251558535263965,0.0743601652376851,0.190770934493394,0.0019348424557679,0.00573924208975276,0.739808895314516,0,0.00275208467098814,0.780383187303526,0.0912213209995099
4,0.493474736871097,0.696176599555018,0.106147336361537,0.656774980879855,0.02916273259259,0.521726943576618,0.392228166436195,0,0.026112783884173,0.180550144334362,0.184092869557268
1,0.480404988536655,0.793505637842922,0.0428678026159566,0.0249757050310791,0,0,0,0,0.149991677070291,0.815184573429412,0.0687715071228628
4,0.631656790038727,0.377604287529884,0.0142658950486059,0.468066891334789,1.15737904149319e-05,0,0.721262529418887,0,0.0249367053589086,0.442882677297552,0.603728422352817
1,0.277208724067707,0.0871184602166965,0.846895948206789,0.00341708287259411,0,0,0,0,0.0461909563707942,0.881422081514958,0.0469619703402567
4,0.838702282050254,0.105133946375686,0.00676813381062452,0.00361842457899385,0,0,0.254161843380589,0,0.599407278092629,0.392828814931739,0.440816410515146
4,0.384056177677658,0.511813242605327,0.319581097862248,0.397738307802813,0.0355838241417962,0.60120037072947,0.0250185359642809,0,0.0977255074143406,0.25130704190432,0.0977889996575097
2,0.742660873372536,0.0439180085292135,0.160161122079493,0.201454617999221,0.655146002450187,0.0126632643360622,0.0635321459865913,0.0389964471771434,0.190296987188838,0.486756755907077,0.667621999295478
4,0.426803575273713,0.44713308875416,0.190428843386843,0.554164896041193,0,0,0.754128477192152,0,0.0572179330514938,0.312439720218399,0.365872032100286
4,0.474623880948959,0.282548097457642,0.224436406945644,0.556016215626781,0.000552646266035734,0,0.252514736809762,0,0.0323995386519498,0.199889204641022,0.497162467917332
4,0.526658540693601,0.70822474493038,0.0585455658344661,0.653070040597328,0.0780219425720664,0.316357278304141,0.475490683656785,0,0.0184776247696828,0.224274886542967,0.222162775727609
4,0.518278947305873,0.838172776177756,0.0512216565064085,0.705672588744724,0.0739229192005508,0.451024458461033,0.417172200780993,0,0.0275904649833211,0.164416031495563,0.101775443168454
4,0.569333342836581,0.514603465533944,0.100048942745311,0.218768871341146,0.0654494915978564,0.0241430082192413,0.255483337342106,0,0.231511683837206,0.390037624257301,0.0927694950920058
4,0.686610992194744,0.621707057319283,0.0909164931666922,0.604611706774464,0.0117242232367889,0.0801078887389832,0.5437248760169,0.0252002326738246,0.132896840942173,0.145682387832647,0.16044193507982
1,0.265233067318243,0.0308258935252567,0.629261541575441,0.0917394379000986,0,0,0,0,0.299298790446904,0.373259686698862,0.0501051692265501
4,0.623011465029944,0.671303863356579,0.217478134766831,0.613661141219775,0.362565303683548,0.445233926417587,0.0189219862188995,0.0182243751928867,0.109572973274622,0.162972942138327,0.00691696338174276
1,0.426794258176024,0.005072169754461,0.978890625671213,0.315045267628315,0,0,0.305363780317524,0,0.298139230780766,0.343767753474187,0
4,0.390421265181006,0.728260517774971,0.2244384063681,0.218785899170674,0.0208597671648147,0.255602517246994,0.275027101904602,0,0.280034615568577,0.453788522315025,0.0151547720896433
4,0.781922542324585,0.0181918926907294,0.0582514572794589,0.499495628750921,0.00946334949281092,0.318301458832884,0.298998604698891,0.0011296462998116,0.216703088306779,0.144308187228877,0.688883549501111
4,0.570893329888882,0.592679517695979,0.0708411642608314,0.455155401210967,0,0,0.0208842457668945,0.00176942032173669,0.00149648506945465,0.797297516235293,0.307458537000303
4,0.532863304242306,0.252182830866844,0.147601601081271,0.740990084863506,0.0318686877535147,0.00967359694858142,0.734434663393581,0,0.112051200606973,0.0339198840954311,0.459594476532474
4,0.362451961035063,0.782393413469951,0.175390942827387,0.276921991492186,0.16898716850676,0.237106542957525,0.133872620937524,0,0.330941694647258,0.324035860643843,0.00989168535106877
4,0.519556604365836,0.573728769813526,0.113468133062332,0.538989601027956,0.0537309571512864,0.106592892245592,0.351307518781965,0,0.242034947938791,0.104223219124423,0.141001639919733
4,0.355284394803734,0.354853916799226,0.32127777175208,0.401524888077369,0.0138329145029337,0.0709759834228762,0.837295705975788,0,0.256386150052161,0.0740117399351835,0.313758818575532
1,0.534096519878248,0.061474363377609,0.258319830595392,0.164746954981357,0,5.26150746268333e-05,0.180538516407968,0,0.0460931680871053,0.709710312994491,0.664183337749237
4,0.391097305903786,0.636851908166166,0.187354391741029,0.656521334078035,0.01196094266351,0.0501522366535226,0.735640725379304,0,0.115465241751612,0.133080403037457,0.0634862903403268
1,0.341749197840656,0.00331542745837815,0.433599625883264,0.000217098580236747,0,0,0,0,0.0110204362944059,0.970397185912437,0.563581462519017
4,0.578386346530935,0.265935628773828,0.0392507112021947,0.784977776048854,0.00601612245391516,0.691199419415045,0.222689661540622,0,0.019489315419042,0.0828144167166682,0.682731927164095
1,0.571600251530218,0,0.00772695646245096,0.00226927028655337,0,0,0,0,1.80935003546217e-05,0.997398996735962,0.999492539591962
4,0.561928069312362,0.0620101699054796,0.0830575642337435,0.658743628105843,8.95313529026032e-05,0,0.5288265376895,0,0.00295338084863603,0.248234418494698,0.842571809458281
1,0.317876767674506,0,0.572179273021111,0,0,0,0,0,0.145608792138285,0.802173318200896,0
4,0.743370306323932,5.63968710020485e-05,0.207627822003825,0.497187263134885,0.000511830264139961,0.00295265733362031,0.0303348902808335,0,0.0793962470472374,0.329294580923616,0.01409573744279
1,0.406514812173887,0,0.0369797495618388,0,0,0,0,0,0.99997192693517,0,0.0959841587928257
1,0.540910044611763,0,0.0201889091814036,0,0,0,0,0,0.672184694232216,0.325905397743691,0.127832280063141
1,0.312114465842875,0,0.713370177835493,0,0,0,0,0,0.37334587356459,0.314621858085165,0.000366632518083466
1,0.861335183090198,0.00750281606909952,0.00172621290085791,0.00110069930590926,0,0,0,0,0.846875535114237,0.15137775159862,0.116500820178319
1,0.586863034864184,0.0725431802204804,0.0941502734097527,0.149602916811041,0,0,0,0,0.750250214582091,0.0405745890450891,0.16034723974881
4,0.583311227783313,0.562768511634871,0.226336100433478,0.0637797488706986,0.0794941243287376,0.0299996269185409,0.406606900355142,0,0.415775171947207,0.365626192281316,0.0980223436415847
2,0.454897623032196,0.208705048748135,0.237341319453641,0.716262357030871,0.861985726221953,0.00623032455433502,0,0,0.0519716143547374,0.129442586987242,0.542575604750485
4,0.464769794870438,0.00316033816286334,0.151177029817344,0.69561174893036,0,0,0.822899062720405,0,0.00808061673919258,0.199874324323804,0.845319030783695
1,0.257828159872495,0,0.387054101199455,0.276727404134659,0,0,0,0,0.0329341685894844,0.48868616983179,0.570502656378885
